timestamp,open,high,low,close,volume
2022-09-27,33.89,35.41,32.09,32.68,421769.430221
2022-09-28,32.68,33.81,31.64,33.23,312274.42523
2022-09-29,33.23,34.42,32.64,33.93,270929.393612
2022-09-30,33.93,35.21,32.62,33.25,435224.020995
2022-10-01,33.24,33.25,32.34,32.45,166384.856138
2022-10-02,32.45,33.01,31.87,32.05,168031.997043
2022-10-03,32.05,33.27,31.73,32.9,186012.69102
2022-10-04,32.9,34.39,32.83,34.1,217836.909118
2022-10-05,34.1,34.37,33.18,34.04,156834.235223
2022-10-06,34.04,34.5,33.23,33.36,221494.133789
2022-10-07,33.35,33.76,32.43,32.98,235638.115596
2022-10-08,32.97,33.08,32.36,32.57,79927.639324
2022-10-09,32.58,33.13,32.45,32.92,104934.533679
2022-10-10,32.92,33.46,31.87,31.96,189935.458157
2022-10-11,31.95,31.95,30.42,30.81,204804.492304
2022-10-12,30.8,31.54,30.68,31.16,123709.680308
2022-10-13,31.16,31.2,27.7,30.49,620357.700992
2022-10-14,30.48,31.98,29.64,29.99,228760.125477
2022-10-15,29.99,30.21,29.43,29.6,103389.219444
2022-10-16,29.59,30.54,29.56,30.17,103886.119608
2022-10-17,30.17,31.29,29.85,31.22,162058.474989
2022-10-18,31.22,31.49,29.73,30.15,223960.40487
2022-10-19,30.14,30.26,28.61,28.86,195382.671557
2022-10-20,28.86,29.47,27.97,28.01,227425.190387
2022-10-21,28.02,28.28,26.83,28.11,373454.498074
2022-10-22,28.1,28.23,27.48,28.01,150997.913855
2022-10-23,28.01,29.44,27.73,29.28,275663.906313
2022-10-24,29.28,29.5,28.16,28.32,231155.941207
2022-10-25,28.32,32.31,28.06,30.87,551256.625566
2022-10-26,30.87,32.23,30.63,31.29,436393.708887
2022-10-27,31.28,32.37,30.46,30.58,485971.542565
2022-10-28,30.57,32.57,30.11,32.06,394665.060536
2022-10-29,32.07,33.84,31.86,32.87,357856.488013
2022-10-30,32.87,33.54,31.93,32.95,213581.598236
2022-10-31,32.95,34.4,32.2,32.56,357411.769886
2022-11-01,32.56,33.4,32.15,32.21,162203.476902
2022-11-02,32.21,32.94,30.23,30.82,407965.152113
2022-11-03,30.81,32.24,30.6,30.86,320132.79711
2022-11-04,30.86,34.2,30.65,33.74,444016.350686
2022-11-05,33.74,38.78,33.66,36.9,810899.189633
2022-11-06,36.89,37.05,32.31,32.61,448088.244385
2022-11-07,32.61,33.13,28.07,29.62,996097.124419
2022-11-08,29.62,31.78,20.05,24.37,6581726.899553
2022-11-09,24.37,24.37,12.34,14.08,7465948.50754
2022-11-10,14.09,18.92,13.08,17.68,5655973.69814
2022-11-11,17.67,18.3,15.05,16.46,1771805.255334
2022-11-12,16.47,16.54,14.48,14.58,729085.244026
2022-11-13,14.59,14.74,13.0,13.18,972659.378697
2022-11-14,13.18,15.13,12.07,14.0,1414760.557404
2022-11-15,14.0,15.15,13.84,14.32,550481.099911
2022-11-16,14.32,14.66,13.63,14.26,499211.598677
2022-11-17,14.27,14.5,12.88,13.63,923061.601656
2022-11-18,13.64,13.88,13.0,13.27,544816.651912
2022-11-19,13.27,13.28,12.59,12.85,427080.486613
2022-11-20,12.84,13.58,12.12,12.26,681997.796101
2022-11-21,12.26,12.29,11.27,11.83,713775.038777
2022-11-22,11.84,12.5,10.93,12.44,695751.318374
2022-11-23,12.44,14.6,12.39,14.36,926795.064682
2022-11-24,14.36,14.95,13.85,14.6,666129.022238
2022-11-25,14.6,14.61,13.9,14.02,457544.099069
2022-11-26,14.02,14.98,13.91,14.16,431254.569694
2022-11-27,14.17,14.44,14.05,14.11,322017.681457
2022-11-28,14.11,14.17,12.78,13.32,791930.339057
2022-11-29,13.33,13.95,13.15,13.35,427206.923592
2022-11-30,13.35,14.33,13.19,14.16,612368.31695
2022-12-01,14.17,14.19,13.4,13.51,448432.23969
2022-12-02,13.51,13.83,13.3,13.71,677445.354652
2022-12-03,13.71,13.76,13.21,13.29,374567.933282
2022-12-04,13.29,13.75,13.27,13.71,335292.673676
2022-12-05,13.7,14.17,13.58,13.81,763457.222732
2022-12-06,13.81,14.38,13.81,14.29,702995.205195
2022-12-07,14.29,14.34,13.41,13.49,612156.765733
2022-12-08,13.5,13.77,13.27,13.68,417876.948823
2022-12-09,13.68,14.02,13.51,13.59,508096.633584
2022-12-10,13.58,13.73,13.54,13.57,209729.837967
2022-12-11,13.57,13.79,13.38,13.42,230588.602893
2022-12-12,13.41,13.48,12.8,13.32,407121.77094
2022-12-13,13.32,14.16,12.76,13.89,627305.537296
2022-12-14,13.89,14.95,13.81,14.12,1167894.479028
2022-12-15,14.12,14.52,13.83,14.06,651359.425724
2022-12-16,14.04,14.17,11.98,12.24,960959.3756
2022-12-17,12.24,12.56,11.91,12.5,444945.570538
2022-12-18,12.5,12.6,12.33,12.37,84204.197027
2022-12-19,12.37,12.58,11.66,11.94,345494.748313
2022-12-20,11.94,12.48,11.83,12.25,462631.300192
2022-12-21,12.25,12.28,11.89,12.14,367294.554086
2022-12-22,12.13,12.18,11.67,11.81,673347.758392
2022-12-23,11.81,12.1,11.71,11.78,458285.769107
2022-12-24,11.78,11.78,11.06,11.44,1020085.24944
2022-12-25,11.44,11.56,11.24,11.38,268328.206742
2022-12-26,11.38,11.49,11.069,11.327,327414.488494
2022-12-27,11.33,11.449,10.71,11.094,640801.677372
2022-12-28,11.093,11.129,9.386,9.763,1618049.47789
2022-12-29,9.769,10.879,7.857,9.637,2353067.137171
2022-12-30,9.638,10.282,9.0,9.904,2456436.332322
2022-12-31,9.904,10.2,9.656,9.977,952156.091359
2023-01-01,9.976,10.082,9.693,9.992,875807.151043
2023-01-02,9.992,12.13,9.811,11.29,2027218.710795
2023-01-03,11.287,13.988,11.001,13.378,2967144.800081
2023-01-04,13.377,14.41,12.823,13.436,2609273.780254
2023-01-05,13.436,13.863,12.946,13.429,1515815.101695
2023-01-06,13.431,13.604,12.682,13.507,1329425.230824
2023-01-07,13.507,13.508,13.024,13.103,673767.895157
2023-01-08,13.101,15.0,12.848,14.473,1405702.718827
2023-01-09,14.465,17.5,14.268,16.258,3602732.224344
2023-01-10,16.26,16.738,15.568,16.205,1887871.697333
2023-01-11,16.204,16.605,15.284,16.371,1545282.870226
2023-01-12,16.377,17.01,15.5,16.594,1764322.734246
2023-01-13,16.596,18.62,16.3,18.285,2193503.338982
2023-01-14,18.292,24.796,18.206,24.24,5389841.169036
2023-01-15,24.24,25.08,21.965,22.904,2579098.124561
2023-01-16,22.904,25.016,22.26,23.575,2096230.560497
2023-01-17,23.576,23.955,22.681,22.861,1327919.653786
2023-01-18,22.862,23.665,20.325,20.791,2083561.046432
2023-01-19,20.789,21.868,20.412,21.413,994351.452565
2023-01-20,21.408,25.84,20.925,25.505,2189728.117002
2023-01-21,25.505,26.6,24.233,24.559,3059291.023757
2023-01-22,24.557,25.444,23.479,24.198,1470433.347947
2023-01-23,24.199,24.925,23.677,24.321,1389926.54491
2023-01-24,24.326,25.25,22.209,22.766,1336275.008045
2023-01-25,22.768,25.432,22.222,24.521,1959389.746566
2023-01-26,24.537,25.228,23.718,24.348,1004890.017066
2023-01-27,24.337,24.96,23.288,24.423,999354.468456
2023-01-28,24.42,25.271,23.7,24.0,576545.895272
2023-01-29,24.003,26.799,23.72,26.07,1233047.389873
2023-01-30,26.073,26.307,23.0,23.963,1680837.313145
2023-01-31,23.959,24.478,23.487,23.917,813791.387496
2023-02-01,23.921,25.229,22.473,25.003,1444188.863704
2023-02-02,25.002,26.147,24.031,24.312,1063579.902066
2023-02-03,24.323,25.068,24.02,24.685,773124.193969
2023-02-04,24.683,24.948,24.174,24.345,390873.581112
2023-02-05,24.325,24.46,23.012,23.46,690336.932724
2023-02-06,23.463,23.72,22.5,22.652,387030.319845
2023-02-07,22.65,23.949,22.527,23.84,831775.937092
2023-02-08,23.835,24.24,22.78,23.212,577345.500831
2023-02-09,23.218,23.343,20.0,20.484,1167581.030621
2023-02-10,20.49,21.188,19.667,20.112,917114.381116
2023-02-11,20.102,20.902,20.094,20.808,372031.111059
2023-02-12,20.808,22.54,20.612,21.501,691108.175749
2023-02-13,21.499,21.603,19.743,20.769,1026346.981411
2023-02-14,20.773,22.375,20.664,21.841,1260060.702908
2023-02-15,21.837,23.988,21.456,23.866,915562.765944
2023-02-16,23.866,24.165,22.191,22.251,1094821.996346
2023-02-17,22.247,23.565,22.0,23.15,672193.865388
2023-02-18,23.137,23.934,22.924,23.454,375299.155457
2023-02-19,23.455,25.647,23.204,24.842,993635.542378
2023-02-20,24.834,27.12,24.12,26.268,1761797.849189
2023-02-21,26.266,26.621,24.477,24.982,1187885.604484
2023-02-22,24.979,25.232,23.206,24.156,1142730.782398
2023-02-23,24.153,24.689,23.596,23.918,706148.703528
2023-02-24,23.919,24.124,22.457,23.074,843451.096391
2023-02-25,23.07,23.336,21.41,22.367,708257.914893
2023-02-26,22.364,23.527,22.209,23.255,467281.710082
2023-02-27,23.257,23.4,22.328,22.67,636655.16536
2023-02-28,22.671,22.744,21.743,21.892,575078.261958
2023-03-01,21.891,22.923,21.648,22.51,535200.538642
2023-03-02,22.508,22.657,21.668,21.998,418765.193177
2023-03-03,21.996,22.009,20.309,21.416,796186.476675
2023-03-04,21.413,21.622,20.202,20.982,335727.423122
2023-03-05,20.985,21.716,20.838,20.972,362441.144258
2023-03-06,20.969,21.181,20.459,20.623,473134.818854
2023-03-07,20.627,20.959,19.707,20.251,592368.756783
2023-03-08,20.245,20.39,18.101,18.419,929108.613402
2023-03-09,18.414,18.777,16.688,17.329,1366128.807508
2023-03-10,17.335,18.351,16.003,18.164,1875304.777172
2023-03-11,18.164,18.872,16.938,18.078,1411663.480972
2023-03-12,18.072,20.531,17.722,20.198,1076490.633918
2023-03-13,20.193,21.55,18.867,20.402,2002130.050504
2023-03-14,20.405,22.12,19.758,20.865,1685974.282702
2023-03-15,20.862,21.465,18.692,19.246,1292499.313817
2023-03-16,19.239,19.913,18.88,19.682,764927.237917
2023-03-17,19.68,21.688,19.425,21.601,1047078.56085
2023-03-18,21.591,22.945,21.052,21.196,1580369.667428
2023-03-19,21.202,22.438,21.197,21.859,874852.070323
2023-03-20,21.864,23.914,21.356,22.124,1727349.398233
2023-03-21,22.128,23.357,21.518,22.534,1130047.028083
2023-03-22,22.534,23.089,20.939,21.419,1210541.69237
2023-03-23,21.412,22.748,21.099,22.18,850295.216703
2023-03-24,22.172,22.271,20.274,20.666,1098055.458941
2023-03-25,20.672,20.979,20.1,20.414,476215.789849
2023-03-26,20.409,21.138,20.285,20.939,371004.085038
2023-03-27,20.943,20.99,19.329,19.904,711859.026159
2023-03-28,19.9,20.872,19.604,20.455,676404.319275
2023-03-29,20.465,21.551,20.426,21.099,712149.596584
2023-03-30,21.099,21.671,20.153,20.548,889333.013719
2023-03-31,20.55,21.489,20.032,21.168,576259.413063
2023-04-01,21.166,21.347,20.747,21.082,418872.916572
2023-04-02,21.083,21.304,20.23,20.521,388917.551611
2023-04-03,20.522,20.989,19.963,20.454,862813.009933
2023-04-04,20.456,21.26,20.29,20.916,555992.067135
2023-04-05,20.915,21.343,20.557,20.968,595273.316946
2023-04-06,20.966,20.99,20.431,20.616,386777.308941
2023-04-07,20.618,20.778,20.214,20.45,256494.646177
2023-04-08,20.448,20.728,19.851,20.043,258000.281848
2023-04-09,20.044,20.44,19.871,20.287,195459.120134
2023-04-10,20.286,20.958,20.081,20.899,281083.293875
2023-04-11,20.9,23.688,20.83,22.978,1288928.29566
2023-04-12,22.986,24.47,22.306,23.805,1396819.465916
2023-04-13,23.811,25.276,23.641,24.424,762564.698212
2023-04-14,24.425,25.494,23.739,24.72,1194358.509644
2023-04-15,24.72,24.794,23.8,24.055,443960.320937
2023-04-16,24.052,25.491,23.818,25.343,525932.427429
2023-04-17,25.344,26.019,24.296,24.573,830422.662408
2023-04-18,24.583,25.433,23.978,24.829,411911.453889
2023-04-19,24.826,24.977,21.813,22.668,1407311.854585
2023-04-20,22.66,23.178,21.586,22.198,919688.777363
2023-04-21,22.195,22.409,20.931,21.259,760131.13455
2023-04-22,21.255,21.988,21.056,21.794,325507.916419
2023-04-23,21.795,22.247,20.934,21.467,403796.023402
2023-04-24,21.472,22.015,21.004,21.373,513206.990968
2023-04-25,21.385,21.964,20.732,21.935,533281.898307
2023-04-26,21.936,22.979,20.33,21.281,1137469.310675
2023-04-27,21.281,22.527,21.184,22.328,733436.505719
2023-04-28,22.334,23.515,22.171,23.346,552936.151623
2023-04-29,23.347,23.899,22.873,23.184,430244.17051
2023-04-30,23.185,23.997,22.691,22.734,428803.872911
2023-05-01,22.729,22.887,21.543,21.961,668239.946755
2023-05-02,21.951,22.381,21.744,22.251,289458.03142
2023-05-03,22.25,22.298,21.232,22.228,509968.041678
2023-05-04,22.244,22.479,21.616,21.731,268399.88566
2023-05-05,21.732,23.078,21.52,22.815,485108.433992
2023-05-06,22.815,23.239,21.554,21.919,463045.49223
2023-05-07,21.916,22.779,21.643,21.656,316094.735858
2023-05-08,21.653,21.813,19.95,20.64,923208.978548
2023-05-09,20.634,20.992,20.408,20.665,239921.940079
2023-05-10,20.664,21.307,19.791,20.928,752313.01405
2023-05-11,20.927,20.94,19.69,20.176,539368.87351
2023-05-12,20.177,20.94,19.793,20.906,568211.254954
2023-05-13,20.913,21.293,20.777,20.842,228619.548947
2023-05-14,20.839,21.286,20.627,20.943,203886.236878
2023-05-15,20.932,21.521,20.59,20.99,368382.422073
2023-05-16,20.983,21.133,20.432,20.669,311523.457408
2023-05-17,20.674,21.207,20.415,21.048,332143.265149
2023-05-18,21.057,21.094,20.071,20.345,393255.810028
2023-05-19,20.345,20.589,20.22,20.358,127250.630764
2023-05-20,20.356,20.367,20.095,20.277,154743.596293
2023-05-21,20.273,20.392,19.347,19.612,241182.658579
2023-05-22,19.612,20.025,19.28,19.522,284382.167508
2023-05-23,19.519,20.178,19.413,20.026,342183.497034
2023-05-24,20.027,20.065,18.676,19.208,467490.620316
2023-05-25,19.209,19.593,18.757,19.256,260254.183403
2023-05-26,19.255,19.557,19.09,19.355,146530.31947
2023-05-27,19.354,20.531,19.327,20.421,228024.855073
2023-05-28,20.422,21.193,20.283,20.803,350232.530107
2023-05-29,20.824,20.98,20.261,20.575,255113.817986
2023-05-30,20.579,21.401,20.466,21.249,486486.649188
2023-05-31,21.252,21.329,20.359,20.821,372280.861209
2023-06-01,20.817,20.978,20.412,20.498,308966.065094
2023-06-02,20.497,21.377,20.292,21.253,298626.148457
2023-06-03,21.256,21.344,20.957,21.185,164946.009104
2023-06-04,21.186,22.295,21.029,21.822,450736.219447
2023-06-05,21.822,22.051,19.204,20.007,921796.172323
2023-06-06,20.01,20.697,19.235,20.382,625267.994775
2023-06-07,20.388,20.526,18.519,18.638,500849.989018
2023-06-08,18.638,19.116,18.224,18.883,238688.006563
2023-06-09,18.88,19.377,17.113,17.39,1133565.229138
2023-06-10,17.396,17.428,12.666,15.617,3751783.340724
2023-06-11,15.617,16.181,15.118,15.544,1268608.143492
2023-06-12,15.545,15.707,14.738,15.186,990368.304379
2023-06-13,15.192,16.0,14.764,15.041,768701.292709
2023-06-14,15.032,15.37,14.06,14.487,591197.307962
2023-06-15,14.487,15.073,14.175,14.774,829947.611194
2023-06-16,14.769,15.469,14.37,15.317,416827.842533
2023-06-17,15.314,16.128,15.164,15.645,450065.954495
2023-06-18,15.64,15.832,15.271,15.441,219162.471266
2023-06-19,15.442,16.147,15.334,16.109,265534.201884
2023-06-20,16.107,16.685,15.728,16.643,885482.397775
2023-06-21,16.642,17.404,16.532,17.24,672189.773507
2023-06-22,17.23,17.745,16.572,16.634,477925.749948
2023-06-23,16.625,17.531,16.164,17.143,605956.982027
2023-06-24,17.141,17.54,16.372,16.632,443703.550633
2023-06-25,16.64,17.389,16.571,16.967,565489.831573
2023-06-26,16.955,17.12,15.907,16.267,729088.676582
2023-06-27,16.273,16.932,16.138,16.625,508199.888126
2023-06-28,16.629,16.649,15.466,15.967,907014.264229
2023-06-29,15.973,18.285,15.863,18.001,1328429.848374
2023-06-30,17.995,20.02,16.959,18.857,1993604.418741
2023-07-01,18.852,19.008,17.908,18.696,750795.824965
2023-07-02,18.687,19.743,18.52,19.459,1181233.076605
2023-07-03,19.46,19.657,18.868,19.273,767009.399283
2023-07-04,19.267,19.938,19.06,19.142,681169.085283
2023-07-05,19.132,19.377,18.272,18.992,558601.572614
2023-07-06,18.995,20.979,18.823,19.595,1631317.376018
2023-07-07,19.596,21.89,19.241,21.495,1925617.132399
2023-07-08,21.499,22.475,21.31,21.815,1371653.333208
2023-07-09,21.819,22.375,21.0,21.329,735088.587203
2023-07-10,21.322,21.796,20.482,21.29,975666.752809
2023-07-11,21.291,22.38,21.206,22.059,658587.232683
2023-07-12,22.06,22.923,21.753,21.941,969394.090105
2023-07-13,21.942,26.845,21.407,26.019,2641168.204087
2023-07-14,26.01,32.9,25.228,26.674,3684259.689531
2023-07-15,26.673,29.1,26.448,27.46,2227166.826511
2023-07-16,27.46,28.675,26.405,27.412,1440317.271634
2023-07-17,27.409,28.479,25.59,26.793,1926099.040666
2023-07-18,26.799,27.096,24.752,25.547,1316473.583079
2023-07-19,25.556,26.99,25.351,26.315,888070.268375
2023-07-20,26.312,27.383,25.023,25.382,1061451.875672
2023-07-21,25.38,25.999,25.055,25.502,514453.263885
2023-07-22,25.507,25.97,24.011,24.521,548866.005307
2023-07-23,24.525,25.255,24.158,24.76,383403.017394
2023-07-24,24.761,24.833,22.862,23.371,858361.14981
2023-07-25,23.374,23.589,22.732,23.275,542382.58173
2023-07-26,23.279,25.684,23.178,25.183,1055360.463157
2023-07-27,25.173,25.662,24.675,25.089,702307.76046
2023-07-28,25.089,25.56,24.53,24.811,371699.723559
2023-07-29,24.816,25.383,24.748,25.158,261954.797114
2023-07-30,25.165,25.207,23.513,24.259,577112.069063
2023-07-31,24.247,24.777,23.504,23.726,418163.735654
2023-08-01,23.728,24.071,22.79,24.059,741283.653916
2023-08-02,24.061,24.285,22.834,23.15,474743.268915
2023-08-03,23.147,23.39,22.422,22.635,545955.542817
2023-08-04,22.636,23.564,22.477,22.805,398742.825923
2023-08-05,22.801,22.937,22.229,22.657,241443.360922
2023-08-06,22.659,23.477,22.581,23.196,325064.250173
2023-08-07,23.197,23.672,22.321,23.119,359871.871355
2023-08-08,23.12,24.788,23.027,24.228,579678.773522
2023-08-09,24.221,24.989,24.111,24.387,503432.691269
2023-08-10,24.386,24.895,24.137,24.622,364083.175717
2023-08-11,24.629,24.933,24.354,24.625,279024.563443
2023-08-12,24.628,25.289,24.4,24.912,244618.440441
2023-08-13,24.916,24.953,24.22,24.221,265631.845755
2023-08-14,24.221,25.304,24.057,25.187,393993.550434
2023-08-15,25.187,25.425,23.663,23.903,741456.239359
2023-08-16,23.903,24.021,22.34,22.821,796919.399266
2023-08-17,22.819,23.43,19.615,21.666,1394865.927992
2023-08-18,21.664,22.193,20.908,21.345,663514.557266
2023-08-19,21.338,22.175,21.303,21.894,314651.138807
2023-08-20,21.895,22.027,21.568,21.775,190307.17818
2023-08-21,21.773,21.784,20.276,21.19,680055.515005
2023-08-22,21.203,21.265,19.196,20.582,799522.722175
2023-08-23,20.584,21.824,20.342,21.729,744725.561441
2023-08-24,21.729,22.008,20.669,21.06,483253.263325
2023-08-25,21.057,21.058,20.091,20.422,418877.628349
2023-08-26,20.424,20.441,20.191,20.286,154832.141678
2023-08-27,20.283,20.912,20.25,20.793,230890.128246
2023-08-28,20.792,20.793,20.026,20.565,282418.47229
2023-08-29,20.563,22.059,20.119,21.791,591547.530362
2023-08-30,21.796,21.999,20.6,20.816,384982.950267
2023-08-31,20.816,21.089,19.41,19.737,522845.507131
2023-09-01,19.738,19.928,19.015,19.326,598914.830349
2023-09-02,19.33,19.702,19.127,19.492,218276.796019
2023-09-03,19.494,19.66,19.23,19.569,154545.975519
2023-09-04,19.566,20.039,19.16,19.529,278176.773565
2023-09-05,19.528,20.598,19.035,20.265,651217.478906
2023-09-06,20.268,20.389,19.131,19.634,493200.343204
2023-09-07,19.633,19.997,19.331,19.91,317990.572524
2023-09-08,19.915,20.296,19.366,19.606,285621.008437
2023-09-09,19.606,19.606,19.375,19.444,153598.117269
2023-09-10,19.442,19.445,17.773,18.232,3992757.984565
2023-09-11,18.229,18.47,17.344,17.73,898535.083663
2023-09-12,17.72,18.828,17.57,17.916,839100.987746
2023-09-13,17.913,18.605,17.7,18.387,1174713.634955
2023-09-14,18.394,19.326,18.377,18.851,787379.552765
2023-09-15,18.851,19.505,18.558,19.145,347453.410799
2023-09-16,19.145,19.463,18.862,19.117,260339.052569
2023-09-17,19.121,19.129,18.625,18.812,199556.506481
2023-09-18,18.82,20.15,18.589,19.65,692937.287529
2023-09-19,19.641,20.41,19.571,20.027,532412.794889
2023-09-20,20.029,20.549,19.798,20.311,377194.574558
2023-09-21,20.294,20.297,19.282,19.455,386687.294925
2023-09-22,19.453,19.802,19.14,19.43,333963.985036
2023-09-23,19.431,19.579,19.291,19.479,120090.982578
2023-09-24,19.478,19.677,19.195,19.355,197993.970745
2023-09-25,19.348,19.735,19.081,19.399,275035.237352
2023-09-26,19.396,19.523,18.839,19.028,326406.006863
2023-09-27,19.027,19.475,18.725,19.138,334089.090408
2023-09-28,19.131,19.981,19.103,19.963,300900.709263
2023-09-29,19.965,20.458,19.846,20.28,300649.900318
2023-09-30,20.272,21.812,20.079,21.358,788000.162566
2023-10-01,21.354,24.535,21.132,23.888,1025174.027343
2023-10-02,23.892,24.844,22.9,23.384,1070328.428748
2023-10-03,23.378,24.799,23.213,23.605,984298.425229
2023-10-04,23.608,23.86,22.581,23.125,609220.708606
2023-10-05,23.124,23.768,22.511,22.691,531525.298359
2023-10-06,22.695,23.792,22.672,23.401,427777.605148
2023-10-07,23.402,24.232,23.07,23.297,385759.72957
2023-10-08,23.294,23.632,23.057,23.228,287819.938927
2023-10-09,23.224,23.366,21.6,22.087,421497.947171
2023-10-10,22.087,22.487,21.694,22.118,299546.073638
2023-10-11,22.109,22.417,21.63,22.01,451909.227894
2023-10-12,22.01,22.048,20.901,21.299,394860.893027
2023-10-13,21.276,22.213,21.115,21.843,346408.596811
2023-10-14,21.844,22.346,21.803,21.993,300802.479044
2023-10-15,21.987,22.173,21.663,21.928,218500.994141
2023-10-16,21.932,25.0,21.887,23.953,1166513.064599
2023-10-17,23.96,24.588,23.464,23.929,730617.928907
2023-10-18,23.93,24.438,23.366,23.411,425110.309438
2023-10-19,23.411,25.888,23.109,24.923,753793.269286
2023-10-20,24.924,27.633,24.732,27.025,1379295.024126
2023-10-21,27.025,30.372,26.649,29.326,1057537.744417
2023-10-22,29.31,30.013,28.09,29.05,613796.784092
2023-10-23,29.054,32.915,28.746,31.9,1449324.657354
2023-10-24,31.9,32.614,29.501,30.159,1183323.181381
2023-10-25,30.166,33.938,29.991,32.439,1133204.517916
2023-10-26,32.435,33.292,30.73,32.774,824444.845813
2023-10-27,32.78,33.383,31.21,31.724,715522.406303
2023-10-28,31.739,32.519,31.333,31.637,369709.036144
2023-10-29,31.633,33.2,31.258,32.829,505308.690101
2023-10-30,32.848,35.356,32.31,34.938,1066339.113474
2023-10-31,34.939,38.676,34.818,38.403,1360208.436458
2023-11-01,38.403,46.92,37.82,41.153,4086614.449867
2023-11-02,41.156,44.567,38.624,40.24,2701862.463962
2023-11-03,40.243,40.261,38.0,39.461,2042271.493099
2023-11-04,39.459,42.737,39.0,42.398,2174626.708706
2023-11-05,42.4,42.857,40.015,41.156,1122273.649982
2023-11-06,41.178,42.208,39.667,42.139,1466641.202283
2023-11-07,42.139,44.829,40.066,42.937,1974590.371579
2023-11-08,42.941,43.879,42.247,43.122,1036287.65638
2023-11-09,43.122,48.937,40.667,45.273,2746569.911931
2023-11-10,45.306,57.56,45.057,56.69,2741094.264959
2023-11-11,56.69,63.95,53.55,56.35,2619528.852358
2023-11-12,56.38,61.91,54.45,56.27,1961771.525179
2023-11-13,56.28,59.88,51.5,51.61,2449430.737453
2023-11-14,51.62,58.05,51.2,56.81,2312666.053318
2023-11-15,56.82,67.13,56.13,65.47,2402766.759758
2023-11-16,65.44,68.25,56.36,57.78,2802367.84804
2023-11-17,57.82,60.58,54.0,58.53,2488230.08988
2023-11-18,58.54,59.43,54.69,58.56,1228927.076503
2023-11-19,58.57,62.12,56.6,61.08,1173847.703433
2023-11-20,61.1,61.34,55.87,56.58,1330905.555855
2023-11-21,56.57,57.39,51.21,51.69,1971981.227697
2023-11-22,51.67,58.95,51.43,57.55,1372903.328485
2023-11-23,57.57,59.62,56.13,56.51,1022699.851337
2023-11-24,56.51,58.79,56.17,56.85,725606.181293
2023-11-25,56.87,59.82,55.62,58.81,792154.680662
2023-11-26,58.82,59.04,56.1,57.57,517719.505189
2023-11-27,57.58,58.07,53.47,55.06,979760.500176
2023-11-28,55.07,58.65,53.94,58.18,928971.86545
2023-11-29,58.19,61.8,57.7,59.31,1125404.928005
2023-11-30,59.31,61.77,58.76,59.3,770999.789394
2023-12-01,59.3,61.9,58.61,59.77,841336.100616
2023-12-02,59.77,63.98,59.69,63.68,1003598.364133
2023-12-03,63.67,65.56,62.21,62.98,759667.567848
2023-12-04,62.98,65.26,59.21,61.64,1510795.081638
2023-12-05,61.65,62.7,59.1,61.04,1295111.442968
2023-12-06,61.03,66.71,61.03,61.83,2397511.843353
2023-12-07,61.86,69.5,61.63,67.76,2051467.012123
2023-12-08,67.75,75.42,67.75,74.9,2244892.059876
2023-12-09,74.95,77.76,71.57,72.28,2137774.713087
2023-12-10,72.31,74.91,70.67,74.84,916520.303989
2023-12-11,74.86,74.99,62.8,70.25,3089824.475247
2023-12-12,70.24,72.44,65.75,68.58,1611184.496815
2023-12-13,68.57,72.6,63.67,70.62,1647691.938908
2023-12-14,70.63,76.24,68.1,75.66,2007716.780509
2023-12-15,75.68,79.54,72.11,72.5,2022574.267238
2023-12-16,72.53,77.23,71.21,73.73,1095955.171098
2023-12-17,73.72,75.08,70.51,70.87,945953.541088
2023-12-18,70.87,75.5,66.9,74.43,1766714.225349
2023-12-19,74.45,76.37,71.81,73.04,1235016.076732
2023-12-20,73.03,84.18,72.98,82.24,2556434.760132
2023-12-21,82.24,95.8,81.06,93.83,3178748.031742
2023-12-22,93.88,99.55,90.38,97.87,3117378.287354
2023-12-23,97.88,110.48,92.75,107.85,2031946.102166
2023-12-24,107.89,118.0,107.29,112.49,2952279.822138
2023-12-25,112.43,126.65,107.71,120.88,2718413.83921
2023-12-26,120.88,121.32,101.73,112.47,3365344.10093
2023-12-27,112.45,115.38,104.56,106.95,2317557.443184
2023-12-28,106.96,109.66,97.21,101.79,2187361.451767
2023-12-29,101.81,109.98,99.3,106.08,2138602.919085
2023-12-30,106.16,107.48,100.65,101.87,916094.775654
2023-12-31,101.89,105.23,99.57,101.72,955637.276588
2024-01-01,101.74,109.96,101.45,109.93,1015721.917561
2024-01-02,109.93,116.9,106.02,106.72,1759133.544184
2024-01-03,106.73,109.91,81.0,98.55,3688392.1008
2024-01-04,98.54,108.19,96.61,104.9,1400303.213713
2024-01-05,104.91,105.47,95.2,99.93,1837206.235459
2024-01-06,99.93,100.35,91.55,93.82,1193949.017742
2024-01-07,93.79,96.72,87.55,89.43,1048374.790244
2024-01-08,89.46,99.95,85.15,97.93,2002339.024507
2024-01-09,97.89,105.5,95.23,99.31,2249683.583466
2024-01-10,99.32,105.53,92.07,102.04,2382606.897777
2024-01-11,102.04,107.22,97.58,99.93,1664661.583389
2024-01-12,99.92,100.5,86.13,92.1,1347897.902274
2024-01-13,92.11,97.07,89.5,95.88,678177.968715
2024-01-14,95.85,102.97,93.65,93.85,1333479.874852
2024-01-15,93.83,96.98,93.0,94.38,635004.618529
2024-01-16,94.35,98.72,94.16,97.63,675217.998635
2024-01-17,97.6,102.84,96.63,102.12,1549125.564208
2024-01-18,102.13,103.58,91.33,94.41,1260629.328604
2024-01-19,94.4,95.46,87.04,93.62,1321761.982371
2024-01-20,93.6,94.31,90.13,92.87,613995.390354
2024-01-21,92.88,93.92,90.81,91.11,399855.15711
2024-01-22,91.11,91.9,82.05,83.83,1558237.358651
2024-01-23,83.8,85.96,78.94,84.33,1629880.896873
2024-01-24,84.35,89.43,83.31,88.76,1252563.822977
2024-01-25,88.76,89.63,85.1,86.91,712608.778636
2024-01-26,86.89,93.73,86.0,92.27,1012520.230256
2024-01-27,92.27,94.52,90.64,94.29,516278.898356
2024-01-28,94.29,99.45,93.33,95.96,1123363.542344
2024-01-29,95.98,101.97,95.0,101.67,1066359.040229
2024-01-30,101.66,106.51,100.98,101.41,1231579.855933
2024-01-31,101.4,102.82,95.88,96.97,1656225.747194
2024-02-01,96.96,98.1,93.11,97.8,1351122.145523
2024-02-02,97.82,102.57,97.38,100.59,973782.512122
2024-02-03,100.58,101.25,96.63,97.96,496503.841878
2024-02-04,97.96,98.59,95.05,95.48,452231.471024
2024-02-05,95.47,98.79,94.18,95.65,711377.374223
2024-02-06,95.65,97.91,93.13,96.86,797184.644724
2024-02-07,96.87,101.57,94.64,101.12,746470.530787
2024-02-08,101.13,104.94,100.52,102.76,943448.666249
2024-02-09,102.77,109.19,102.77,106.94,1285588.50795
2024-02-10,106.94,110.87,106.88,108.99,762481.82606
2024-02-11,108.98,110.68,107.22,107.48,619229.752047
2024-02-12,107.48,112.25,103.43,111.66,1237001.743225
2024-02-13,111.66,115.19,108.25,112.49,1088020.93549
2024-02-14,112.48,118.71,110.64,117.0,884438.063453
2024-02-15,117.0,118.38,111.54,113.51,854067.820481
2024-02-16,113.53,114.25,107.8,110.35,922092.969876
2024-02-17,110.35,111.07,105.61,108.92,509917.445591
2024-02-18,108.93,114.09,107.51,112.24,635163.350705
2024-02-19,112.24,114.88,110.79,111.52,1023839.202562
2024-02-20,111.55,112.14,102.47,108.31,1436676.192922
2024-02-21,108.34,108.4,100.21,105.05,1086106.359216
2024-02-22,105.05,107.1,101.47,101.74,942106.061548
2024-02-23,101.74,103.1,98.64,99.89,753528.016056
2024-02-24,99.9,104.82,98.46,104.02,521948.098666
2024-02-25,104.02,104.43,102.02,103.47,402294.244828
2024-02-26,103.47,110.8,100.3,109.93,1044074.866964
2024-02-27,109.93,112.39,105.29,108.38,1193637.183892
2024-02-28,108.38,119.15,105.5,119.08,2292009.748782
2024-02-29,119.07,134.68,116.91,125.67,3040073.6037
2024-03-01,125.68,137.83,125.58,129.35,2141721.093007
2024-03-02,129.39,131.68,127.18,130.04,1113669.024672
2024-03-03,130.03,132.16,123.59,130.16,1486608.970768
2024-03-04,130.19,134.97,127.33,133.31,1839985.370509
2024-03-05,133.3,142.71,102.3,125.33,5036314.221032
2024-03-06,125.31,134.93,120.0,130.82,1970058.100977
2024-03-07,130.81,149.36,130.53,143.82,2404308.054302
2024-03-08,143.84,152.67,141.98,144.79,2115047.016617
2024-03-09,144.78,149.16,143.51,144.3,700432.38734
2024-03-10,144.31,148.48,140.45,144.42,934917.80433
2024-03-11,144.42,150.12,136.0,148.83,1539232.438196
2024-03-12,148.85,155.2,141.41,151.05,2089937.504378
2024-03-13,151.06,166.73,148.6,163.86,1688343.718511
2024-03-14,163.88,178.47,159.11,176.68,2672793.365678
2024-03-15,176.71,188.93,164.52,184.03,4746073.252859
2024-03-16,184.04,198.0,176.69,182.06,3461942.781157
2024-03-17,182.09,205.0,178.56,201.86,2468593.152917
2024-03-18,201.79,210.13,193.93,195.9,3110244.346329
2024-03-19,195.88,198.62,166.0,169.85,4445358.094236
2024-03-20,169.86,193.2,162.43,191.78,3269954.314446
2024-03-21,191.8,195.62,175.87,179.49,2079009.184892
2024-03-22,179.48,181.92,167.6,175.15,1636657.119083
2024-03-23,175.16,178.99,170.33,172.65,1168839.383926
2024-03-24,172.67,186.77,171.3,183.87,1000113.559413
2024-03-25,183.87,194.59,181.0,188.97,1323833.309063
2024-03-26,188.98,197.0,186.17,190.45,999112.062797
2024-03-27,190.44,192.67,180.1,186.33,1213404.943426
2024-03-28,186.33,190.98,180.93,189.64,880390.302238
2024-03-29,189.67,192.99,183.38,192.06,857922.476873
2024-03-30,192.06,200.0,190.66,194.21,810114.545467
2024-03-31,194.22,203.19,193.74,202.47,507740.795254
2024-04-01,202.47,204.4,186.52,192.24,1264353.238208
2024-04-02,192.24,192.27,175.96,181.54,1460606.077562
2024-04-03,181.53,191.83,176.92,185.12,1062067.470592
2024-04-04,185.1,190.19,180.21,184.09,815634.830057
2024-04-05,184.06,185.17,167.96,174.39,1305034.874034
2024-04-06,174.39,180.0,173.56,178.68,711099.430197
2024-04-07,178.7,182.71,176.87,179.54,667851.372738
2024-04-08,179.53,184.67,175.35,180.67,992624.043406
2024-04-09,180.68,180.93,169.12,172.4,815502.911554
2024-04-10,172.38,175.52,162.21,173.31,1042049.179547
2024-04-11,173.32,176.4,170.08,172.36,838642.809621
2024-04-12,172.36,175.95,138.06,153.15,2499693.45456
2024-04-13,153.13,154.9,112.06,138.44,5195501.012512
2024-04-14,138.42,152.86,130.48,151.29,3322544.891932
2024-04-15,151.26,156.01,133.73,138.53,2487777.396902
2024-04-16,138.53,140.66,126.31,136.23,2269831.373264
2024-04-17,136.23,142.67,126.93,131.82,2339058.465011
2024-04-18,131.82,143.97,127.65,142.06,1938176.811682
2024-04-19,142.05,147.53,128.5,142.51,2640043.651604
2024-04-20,142.49,152.4,139.7,151.28,1091746.786078
2024-04-21,151.25,153.49,146.78,148.82,807151.657174
2024-04-22,148.81,158.49,146.69,156.95,1017079.887789
2024-04-23,156.95,160.0,153.04,154.77,992422.572891
2024-04-24,154.74,159.73,145.57,147.78,1242420.924691
2024-04-25,147.76,149.59,142.07,144.87,1004821.278045
2024-04-26,144.87,146.17,138.7,139.25,785973.450918
2024-04-27,139.25,143.04,132.43,141.31,887027.480929
2024-04-28,141.32,144.71,137.05,138.0,608930.902391
2024-04-29,138.0,138.95,133.31,137.77,1012623.944019
2024-04-30,137.78,139.76,121.25,126.74,1520655.926621
2024-05-01,126.74,135.93,118.47,134.61,2144973.031753
2024-05-02,134.65,140.93,128.27,137.58,1428068.416133
2024-05-03,137.57,145.0,135.87,143.68,1107478.165845
2024-05-04,143.69,149.16,142.24,146.05,882838.124926
2024-05-05,146.06,148.0,143.21,145.73,711398.662957
2024-05-06,145.73,156.87,145.38,152.85,1333987.641733
2024-05-07,152.84,159.24,147.75,148.05,1217818.734303
2024-05-08,148.04,149.96,140.0,142.15,937095.982008
2024-05-09,142.15,153.4,140.57,152.54,810028.559489
2024-05-10,152.54,155.83,144.36,146.04,936570.3556
2024-05-11,146.05,147.69,143.03,145.42,445325.654341
2024-05-12,145.42,147.75,142.3,143.42,355710.811234
2024-05-13,143.45,150.84,137.79,147.54,1009335.810128
2024-05-14,147.52,149.08,141.85,142.03,792860.829902
2024-05-15,142.02,158.96,141.24,158.48,1135032.783028
2024-05-16,158.47,164.76,156.61,159.36,1014290.57532
2024-05-17,159.36,172.06,159.34,169.45,999164.39563
2024-05-18,169.44,175.96,168.68,172.39,622935.079594
2024-05-19,172.4,175.47,166.09,169.93,703812.48341
2024-05-20,169.93,188.36,167.61,186.68,1188832.901803
2024-05-21,186.7,188.89,174.42,178.18,1321847.89511
2024-05-22,178.17,183.52,175.06,177.01,899275.939457
2024-05-23,177.01,181.06,165.02,176.2,1334390.957284
2024-05-24,176.16,176.16,162.45,167.69,1005440.226197
2024-05-25,167.69,170.56,165.85,168.37,441889.291577
2024-05-26,168.37,168.41,161.0,163.42,625648.974784
2024-05-27,163.43,172.28,163.32,170.14,597306.749478
2024-05-28,170.14,173.29,164.91,168.7,756423.521744
2024-05-29,168.71,173.91,167.18,168.31,646049.662696
2024-05-30,168.31,172.58,163.59,166.89,698659.408892
2024-05-31,166.9,170.95,163.8,165.67,586235.500512
2024-06-01,165.67,167.94,165.67,166.15,232460.582103
2024-06-02,166.14,167.11,161.38,163.16,412725.295688
2024-06-03,163.16,167.29,161.82,164.88,559680.816895
2024-06-04,164.88,171.88,164.3,171.75,504046.75917
2024-06-05,171.76,175.6,171.11,173.55,538100.650298
2024-06-06,173.55,174.35,167.6,170.17,353711.879486
2024-06-07,170.18,172.85,151.66,162.51,1272495.255584
2024-06-08,162.51,163.76,157.37,157.83,377763.35898
2024-06-09,157.83,163.03,156.54,162.1,275645.951385
2024-06-10,162.1,163.17,157.5,159.07,323258.717059
2024-06-11,159.07,159.75,145.17,149.29,1023758.519381
2024-06-12,149.3,161.81,145.42,155.24,893728.409994
2024-06-13,155.23,155.24,146.09,147.28,671817.206791
2024-06-14,147.31,149.0,139.41,143.06,719752.844148
2024-06-15,143.05,145.81,142.9,145.51,244378.678158
2024-06-16,145.51,151.34,143.06,151.29,273382.902267
2024-06-17,151.28,151.77,139.82,143.26,503686.529608
2024-06-18,143.27,143.77,127.22,137.39,1580659.140857
2024-06-19,137.4,141.91,134.43,135.63,738125.341503
2024-06-20,135.63,141.27,131.88,133.58,832678.439635
2024-06-21,133.57,135.39,128.73,134.59,761555.064056
2024-06-22,134.6,136.72,132.98,133.7,249270.505004
2024-06-23,133.69,135.09,128.21,128.68,297483.353135
2024-06-24,128.67,132.64,121.71,132.3,1270779.157053
2024-06-25,132.31,139.92,131.22,136.56,797998.836924
2024-06-26,136.57,140.41,134.84,136.81,470617.527702
2024-06-27,136.84,151.2,135.23,149.69,1076134.723998
2024-06-28,149.69,150.81,139.03,140.05,850777.742062
2024-06-29,140.04,143.2,139.7,140.29,308213.260497
2024-06-30,140.28,147.65,137.11,146.62,531703.567075
2024-07-01,146.62,149.37,145.87,146.68,608780.726428
2024-07-02,146.68,154.98,146.13,154.01,573621.664243
2024-07-03,154.0,154.49,138.84,140.83,879871.609718
2024-07-04,140.85,142.74,127.14,127.84,1370788.121874
2024-07-05,127.82,136.48,120.65,134.32,1867328.41636
2024-07-06,134.32,144.5,132.33,143.05,754111.131502
2024-07-07,143.05,143.35,131.21,131.64,684782.828061
2024-07-08,131.65,142.0,127.8,139.8,1201739.021552
2024-07-09,139.81,144.32,136.41,141.43,743811.893839
2024-07-10,141.46,146.19,138.6,142.01,557273.292825
2024-07-11,142.0,146.15,135.62,135.75,707416.574808
2024-07-12,135.75,140.57,133.84,139.47,490402.711928
2024-07-13,139.48,143.62,137.92,141.9,321475.921354
2024-07-14,141.88,148.53,141.88,147.65,687185.836757
2024-07-15,147.66,159.96,147.01,159.36,909035.160729
2024-07-16,159.37,162.51,152.49,160.62,913644.605455
2024-07-17,160.64,163.77,154.67,155.51,616468.663819
2024-07-18,155.53,161.63,155.17,159.21,555197.552799
2024-07-19,159.22,172.64,156.17,169.13,1208467.83843
2024-07-20,169.12,175.32,167.25,173.59,545976.358531
2024-07-21,173.6,185.18,170.32,184.48,887598.613123
2024-07-22,184.51,184.99,176.76,178.88,699221.33148
2024-07-23,178.89,180.54,170.49,173.03,1154045.937667
2024-07-24,173.02,182.48,171.0,178.06,848997.925878
2024-07-25,178.05,179.6,165.43,171.86,1458057.940501
2024-07-26,171.87,183.82,171.69,183.06,816709.002427
2024-07-27,183.07,188.32,178.09,183.96,845365.300015
2024-07-28,183.95,186.68,181.13,184.91,440372.801946
2024-07-29,184.91,193.9,181.59,182.56,1097661.840712
2024-07-30,182.57,184.81,175.33,179.13,780609.162031
2024-07-31,179.16,184.56,171.6,171.69,721766.086789
2024-08-01,171.69,172.91,157.91,167.37,1277503.396126
2024-08-02,167.38,169.43,149.99,152.74,1440447.949096
2024-08-03,152.75,154.05,139.77,142.52,1075303.201944
2024-08-04,142.5,146.07,131.2,138.32,1438041.420885
2024-08-05,138.31,139.38,109.68,129.78,7318363.411139
2024-08-06,129.79,149.59,129.4,144.45,2016739.235358
2024-08-07,144.41,154.99,142.3,144.79,1615287.188634
2024-08-08,144.77,163.68,141.4,163.19,1635424.445366
2024-08-09,163.14,163.57,150.74,156.29,1082781.532613
2024-08-10,156.29,158.76,152.65,154.04,470396.457923
2024-08-11,154.05,158.0,141.17,141.56,849888.140478
2024-08-12,141.55,150.79,141.19,146.31,1074301.314125
2024-08-13,146.3,149.81,142.92,146.67,681657.137137
2024-08-14,146.65,152.17,142.38,143.68,861414.75233
2024-08-15,143.71,147.61,137.73,142.58,999898.422284
2024-08-16,142.57,144.94,136.1,139.06,761309.024637
2024-08-17,139.05,141.99,137.63,141.92,356110.375705
2024-08-18,141.92,147.36,140.55,142.39,459877.456595
2024-08-19,142.39,146.25,140.34,144.26,491952.672107
2024-08-20,144.26,148.87,140.9,142.28,562294.509434
2024-08-21,142.28,144.38,138.81,142.77,508885.626602
2024-08-22,142.78,144.85,140.57,143.23,327600.545237
2024-08-23,143.23,154.14,142.71,153.25,642180.596613
2024-08-24,153.25,162.43,151.97,160.67,633823.168311
2024-08-25,160.66,161.97,155.25,158.93,456231.529813
2024-08-26,158.92,162.0,155.53,157.11,562014.709027
2024-08-27,157.11,159.7,145.01,146.8,675017.011807
2024-08-28,146.8,148.94,140.53,143.92,800273.128547
2024-08-29,143.94,147.33,138.06,140.02,564210.196979
2024-08-30,140.0,141.13,132.06,137.99,827037.968612
2024-08-31,137.99,139.27,134.48,135.35,194994.658773
2024-09-01,135.36,136.14,127.7,128.47,659345.362682
2024-09-02,128.48,135.38,126.91,134.94,654791.146
2024-09-03,134.93,137.56,127.18,127.56,593966.340165
2024-09-04,127.56,135.0,122.5,133.61,813161.01933
2024-09-05,133.61,135.62,127.84,129.4,528591.254433
2024-09-06,129.39,134.29,120.5,125.03,1098050.003476
2024-09-07,125.03,129.48,124.12,127.71,417362.288875
2024-09-08,127.71,131.72,126.61,130.1,521453.812468
2024-09-09,130.12,137.1,126.92,135.05,855777.735382
2024-09-10,135.06,137.99,132.54,135.61,484788.263632
2024-09-11,135.61,135.88,128.19,132.4,632801.015342
2024-09-12,132.4,136.76,132.35,136.04,447652.409861
2024-09-13,136.05,139.86,131.7,138.98,484257.099309
2024-09-14,139.0,139.77,135.57,137.15,289072.135125
2024-09-15,137.14,137.93,130.4,131.39,323778.835677
2024-09-16,131.39,132.4,128.94,131.47,405637.691857
2024-09-17,131.47,135.56,130.17,131.51,428235.056964
2024-09-18,131.52,134.43,127.11,134.32,658144.268872
2024-09-19,134.32,144.07,134.25,142.86,848390.020916
2024-09-20,142.86,152.46,141.16,146.66,939249.802976
2024-09-21,146.67,149.98,144.64,149.46,273227.728443
2024-09-22,149.44,149.95,141.12,144.63,366208.421169
2024-09-23,144.64,149.04,142.13,144.79,478235.398876
2024-09-24,144.79,153.97,143.1,152.71,782779.540836
2024-09-25,152.71,153.9,147.28,147.95,1151591.302446
2024-09-26,147.97,158.09,146.56,155.51,851967.190714
2024-09-27,155.5,161.49,153.91,157.63,713510.76038
2024-09-28,157.64,159.43,155.0,156.79,289597.496327
2024-09-29,156.79,161.77,155.11,158.46,409896.895682
2024-09-30,158.46,159.77,151.67,152.5,543196.21407
2024-10-01,152.5,157.35,142.21,145.16,1001193.222422
2024-10-02,145.16,148.95,138.58,140.2,679553.760864
2024-10-03,140.19,142.95,133.05,136.79,698709.933291
2024-10-04,136.79,144.58,135.93,143.23,615463.984015
2024-10-05,143.24,144.92,141.07,142.6,230974.755164
2024-10-06,142.61,146.84,142.0,146.48,325870.212577
2024-10-07,146.47,152.28,143.46,143.98,640381.305621
2024-10-08,143.98,145.6,141.16,143.51,393793.960474
2024-10-09,143.49,145.34,138.67,139.33,418143.99872
2024-10-10,139.33,140.9,135.51,139.05,419473.813393
2024-10-11,139.06,146.54,138.72,145.5,441842.508761
2024-10-12,145.5,147.29,144.61,146.38,214468.006348
2024-10-13,146.38,148.86,144.46,147.72,270705.493043
2024-10-14,147.72,158.1,146.79,157.58,757901.302612
2024-10-15,157.58,159.64,150.25,154.74,834225.804503
2024-10-16,154.74,158.4,153.01,154.25,556022.982042
2024-10-17,154.25,155.72,147.7,150.5,505154.401733
2024-10-18,150.5,156.66,149.64,154.95,433284.02549
2024-10-19,154.95,159.83,153.6,159.77,337448.647736
2024-10-20,159.77,167.95,157.6,167.41,695973.607358
2024-10-21,167.42,171.72,161.3,166.16,1154132.382141
2024-10-22,166.14,170.96,163.0,167.59,759809.343656
2024-10-23,167.6,174.26,164.14,170.86,1018643.881269
2024-10-24,170.86,179.3,170.51,177.2,759222.263497
2024-10-25,177.21,177.56,158.96,164.89,1236679.638047
2024-10-26,164.88,173.23,162.32,170.89,642400.649549
2024-10-27,170.89,178.28,170.3,176.64,491877.670913
2024-10-28,176.65,179.8,172.48,178.29,840587.507026
2024-10-29,178.3,183.4,176.42,179.43,923967.463792
2024-10-30,179.43,181.29,173.16,174.86,647784.924569
2024-10-31,174.87,176.52,167.58,168.66,664597.123453
2024-11-01,168.67,174.05,163.41,166.1,777972.218765
2024-11-02,166.1,168.58,162.11,166.16,355580.392269
2024-11-03,166.17,166.61,157.9,162.5,721493.495275
2024-11-04,162.5,165.02,155.11,157.95,593507.114952
2024-11-05,157.95,169.29,156.89,166.62,703325.160048
2024-11-06,166.63,190.0,166.4,186.56,2332121.547919
2024-11-07,186.57,197.85,185.8,196.33,982584.28036
2024-11-08,196.34,205.14,195.65,199.85,1202013.845368
2024-11-09,199.85,203.41,194.94,199.91,698790.692805
2024-11-10,199.93,215.31,198.74,210.08,1659142.252314
2024-11-11,210.08,224.05,204.12,222.14,1574848.875812
2024-11-12,222.14,225.2,204.82,211.63,2003596.64403
2024-11-13,211.64,220.43,200.7,215.16,1728239.93027
2024-11-14,215.16,222.82,206.4,209.55,1301073.524008
2024-11-15,209.53,220.68,204.48,218.48,827995.507587
2024-11-16,218.48,221.84,213.4,215.73,783407.878101
2024-11-17,215.73,242.11,212.09,237.46,1719325.055671
2024-11-18,237.46,248.5,234.01,239.78,1344160.79254
2024-11-19,239.77,247.49,233.47,237.62,1266666.267928
2024-11-20,237.61,242.49,230.5,235.47,924726.127442
2024-11-21,235.48,259.9,229.54,256.4,1676488.127397
2024-11-22,256.41,264.32,251.5,256.95,1159636.3936
2024-11-23,256.95,264.0,252.72,254.89,938719.123663
2024-11-24,254.89,259.78,240.95,252.75,722388.691032
2024-11-25,252.78,256.66,231.18,234.22,1032898.850825
2024-11-26,234.15,239.69,221.78,230.69,1056453.769231
2024-11-27,230.68,243.4,227.54,241.97,853201.089187
2024-11-28,241.96,245.32,232.85,237.61,565978.162882
2024-11-29,237.61,246.8,236.51,243.33,672069.848516
2024-11-30,243.34,245.4,237.52,237.61,541459.151982
2024-12-01,237.62,239.89,234.11,236.79,553613.921595
2024-12-02,236.79,238.2,220.03,225.75,1291192.57629
2024-12-03,225.75,239.62,215.01,233.91,1472621.350297
2024-12-04,233.92,240.88,224.52,229.14,965982.119419
2024-12-05,229.14,244.81,223.0,235.87,1710481.818967
2024-12-06,235.87,247.0,230.89,236.83,1021059.04722
2024-12-07,236.86,243.6,234.09,238.1,657614.691498
2024-12-08,238.13,241.5,233.2,237.04,432871.646893
2024-12-09,237.05,237.3,200.95,216.65,1535836.744979
2024-12-10,216.65,220.95,203.2,213.62,1569846.063663
2024-12-11,213.61,230.63,211.53,227.27,967752.875718
2024-12-12,227.29,234.68,225.63,226.93,658984.723807
2024-12-13,226.92,228.43,220.64,224.78,661183.298753
2024-12-14,224.78,227.5,215.12,219.91,555206.633714
2024-12-15,219.93,225.5,215.72,224.26,485524.490128
2024-12-16,224.27,227.48,213.27,216.21,729656.494135
2024-12-17,216.2,228.96,211.41,223.17,1188507.889175
2024-12-18,223.17,226.05,204.71,206.56,1188486.634929
2024-12-19,206.53,212.13,187.0,193.8,1729589.998859
2024-12-20,193.8,199.76,175.23,194.48,1951052.797862
2024-12-21,194.47,201.97,178.44,181.43,1076080.798255
2024-12-22,181.44,187.87,176.89,180.51,613728.740475
2024-12-23,180.54,193.46,176.5,190.1,931816.746505
2024-12-24,190.11,199.02,186.11,197.13,675825.877618
2024-12-25,197.1,201.88,195.0,197.46,488293.072602
2024-12-26,197.48,199.7,186.62,188.46,542463.039361
2024-12-27,188.43,194.51,182.76,184.23,519406.404624
2024-12-28,184.24,196.07,183.84,195.51,356839.16646
2024-12-29,195.51,197.69,188.53,189.96,415391.564012
2024-12-30,189.95,196.42,185.92,191.34,481242.205469
2024-12-31,191.37,199.25,187.98,189.29,548233.853548
2025-01-01,189.32,195.3,188.0,194.3,324256.094791
2025-01-02,194.28,210.57,193.43,208.28,912557.538108
2025-01-03,208.29,219.8,205.61,218.0,606608.04565
2025-01-04,217.99,218.15,213.54,216.64,339133.435107
2025-01-05,216.65,219.0,211.44,213.42,415359.240441
2025-01-06,213.44,223.19,211.56,218.23,598832.630195
2025-01-07,218.25,219.12,201.75,202.15,985951.087545
2025-01-08,202.16,203.3,188.35,197.48,1112831.816873
2025-01-09,197.48,199.05,182.01,184.96,679049.977575
2025-01-10,184.97,193.1,183.52,187.73,733141.591058
2025-01-11,187.72,191.91,184.1,188.1,342898.935707
2025-01-12,188.09,191.0,185.16,188.51,274152.203363
2025-01-13,188.51,191.97,168.28,182.81,1339869.298742
2025-01-14,182.84,190.19,181.87,187.53,657098.376453
2025-01-15,187.54,206.0,185.86,205.84,803255.282576
2025-01-16,205.84,217.13,198.45,211.15,1040229.666249
2025-01-17,211.16,222.15,209.85,219.5,845629.176473
2025-01-18,219.52,270.79,217.3,261.95,4728370.723965
2025-01-19,261.96,295.9,239.5,257.33,6465240.604795
2025-01-20,257.34,273.4,230.0,242.13,4980166.274261
2025-01-21,242.12,260.0,230.36,250.35,1815784.967909
2025-01-22,250.36,272.0,248.41,257.39,1627181.056646
2025-01-23,257.39,258.43,242.17,253.09,1624387.974732
2025-01-24,253.11,270.22,247.23,253.38,1432771.112158
2025-01-25,253.36,260.79,246.29,256.41,1048609.739115
2025-01-26,256.41,260.07,240.3,240.5,714421.117113
2025-01-27,240.49,242.65,220.86,234.93,2192935.180067
2025-01-28,234.93,243.99,225.09,227.05,853469.546735
2025-01-29,227.08,238.42,222.66,228.16,892409.991036
2025-01-30,228.17,244.69,226.85,238.3,735532.489355
2025-01-31,238.3,241.82,228.24,231.76,620809.729135
2025-02-01,231.76,234.15,212.68,212.98,694945.737373
2025-02-02,212.96,218.79,192.05,203.5,1592609.630469
2025-02-03,203.51,218.58,176.0,216.25,3986545.366558
2025-02-04,216.26,219.96,201.75,206.59,1429406.172645
2025-02-05,206.63,209.34,195.15,196.12,800259.724553
2025-02-06,196.13,203.98,187.42,189.55,856827.175304
2025-02-07,189.54,203.43,188.11,191.97,1177396.672505
2025-02-08,191.99,200.88,189.79,199.28,472619.52296
2025-02-09,199.32,207.37,193.53,200.49,829283.00194
2025-02-10,200.48,209.11,195.9,200.49,892820.697382
2025-02-11,200.49,206.18,195.08,197.99,816291.306549
2025-02-12,197.96,198.56,188.44,196.77,1212143.545089
2025-02-13,196.79,198.46,188.88,194.26,581682.103676
2025-02-14,194.26,205.35,194.1,199.41,704698.860806
2025-02-15,199.41,200.28,192.63,194.48,356270.19734
2025-02-16,194.48,196.24,186.2,188.25,538219.635943
2025-02-17,188.26,189.71,174.64,177.54,1200107.747497
2025-02-18,177.55,179.07,160.81,169.3,1816930.897015
2025-02-19,169.3,174.3,163.75,168.92,982247.384281
2025-02-20,168.94,176.65,167.64,176.01,743044.813189
2025-02-21,176.0,180.5,167.13,168.91,1250681.948122
2025-02-22,168.93,174.76,168.06,172.08,550296.385165
2025-02-23,172.08,173.17,166.43,167.95,398147.254051
2025-02-24,167.95,169.67,137.9,141.81,2227522.220142
2025-02-25,141.81,147.08,131.92,144.32,3142917.506977
2025-02-26,144.33,145.2,130.6,135.31,1546506.851935
2025-02-27,135.33,142.89,134.72,137.69,1202382.180265
2025-02-28,137.7,148.72,125.54,148.13,2688071.449663
2025-03-01,148.16,151.17,138.56,143.63,1041291.002163
2025-03-02,143.66,179.99,140.04,178.74,3620828.042477
2025-03-03,178.74,179.5,139.21,142.16,2848675.783936
2025-03-04,142.15,146.85,130.6,144.79,2892007.999984
2025-03-05,144.79,149.75,140.2,146.26,1165146.495641
2025-03-06,146.28,152.93,142.43,143.29,1172914.560896
2025-03-07,143.29,150.88,135.06,139.39,1894393.373466
2025-03-08,139.4,141.09,135.29,137.0,588066.677842
2025-03-09,137.01,139.87,125.41,126.54,1233368.478712
2025-03-10,126.54,131.56,115.47,118.34,1792810.707404
2025-03-11,118.35,128.42,112.01,125.37,2058082.144993
2025-03-12,125.36,131.36,121.23,126.62,1424074.788964
2025-03-13,126.6,128.78,120.76,123.38,992408.987939
2025-03-14,123.39,136.14,122.98,133.56,1120985.90035
2025-03-15,133.53,136.54,132.44,135.87,557097.029883
2025-03-16,135.88,136.7,125.19,126.13,797817.759131
2025-03-17,126.14,130.64,125.53,128.04,680265.950314
2025-03-18,128.04,128.19,121.78,125.34,781343.045679
2025-03-19,125.34,136.07,124.19,135.33,1037823.911879
2025-03-20,135.33,136.11,126.62,127.61,694467.005022
2025-03-21,127.61,130.2,124.87,128.47,657814.877129
2025-03-22,128.47,131.82,127.8,128.51,417589.264999
2025-03-23,128.51,134.04,128.23,132.84,462332.006145
2025-03-24,132.84,144.96,132.04,140.99,1377016.472884
2025-03-25,140.98,147.48,138.13,143.63,1171174.166531
2025-03-26,143.64,145.48,135.91,137.38,1066793.068734
2025-03-27,137.38,140.21,135.62,138.46,803698.669837
2025-03-28,138.46,139.07,127.7,129.49,1191907.267066
2025-03-29,129.49,130.55,122.73,124.6,847076.685746
2025-03-30,124.62,127.08,123.0,124.83,715081.44082
2025-03-31,124.84,127.8,122.74,124.56,1135443.308326
2025-04-01,124.55,130.46,123.76,126.7,1125309.679611
2025-04-02,126.69,136.29,117.22,117.44,2365248.242056
2025-04-03,117.44,120.95,112.0,117.16,1686653.037396
2025-04-04,117.17,124.0,113.26,122.78,1987140.80752
2025-04-05,122.78,122.85,117.16,120.32,555986.085379
2025-04-06,120.32,121.13,103.83,105.9,1776972.429857
2025-04-07,105.9,113.01,95.2,106.98,3799962.725896
2025-04-08,106.97,112.58,102.95,105.4,1828506.200717
2025-04-09,105.41,120.71,101.26,119.07,2830580.696734
2025-04-10,119.05,119.29,108.33,112.83,1552467.964288
2025-04-11,112.8,122.7,112.16,121.41,1623072.252771
2025-04-12,121.41,134.09,119.41,132.26,1650255.717528
2025-04-13,132.25,134.0,125.3,128.38,1512280.934958
2025-04-14,128.38,136.2,127.99,129.4,1415407.982353
2025-04-15,129.4,134.46,125.79,126.11,1095696.418765
2025-04-16,126.09,133.88,123.5,131.33,1543762.672746
2025-04-17,131.33,136.21,129.47,134.82,1197276.815831
2025-04-18,134.82,136.0,132.46,134.05,646390.010996
2025-04-19,134.05,140.59,133.58,139.87,947270.114745
2025-04-20,139.86,141.96,135.65,137.88,934771.885597
2025-04-21,137.87,143.27,133.88,136.56,1422325.709043
2025-04-22,136.57,150.25,134.66,148.76,1502725.211755
2025-04-23,148.78,154.18,147.14,151.09,1405356.524044
2025-04-24,151.09,152.9,145.0,152.56,1165953.254587
2025-04-25,152.56,157.12,149.85,150.84,1204963.693621
2025-04-26,150.86,153.19,147.76,149.27,624543.494831
2025-04-27,149.27,150.43,145.51,148.0,559547.443644
2025-04-28,148.0,153.4,144.62,147.85,1102816.72566
2025-04-29,147.85,150.35,144.96,146.3,743528.074709
2025-04-30,146.29,148.67,140.3,147.53,892937.325877
2025-05-01,147.54,153.97,147.54,150.85,926302.602589
2025-05-02,150.84,151.92,147.33,148.06,596085.998584
2025-05-03,148.06,149.06,145.85,146.74,378678.984338
2025-05-04,146.74,147.8,143.65,143.95,453268.17407
2025-05-05,143.94,147.74,142.51,146.72,579362.912854
2025-05-06,146.72,147.24,141.41,146.87,642191.798771
2025-05-07,146.9,149.53,144.68,147.32,711628.05584
2025-05-08,147.33,164.6,147.09,164.46,1765365.050802
2025-05-09,164.45,176.19,161.09,172.79,1679479.895598
2025-05-10,172.8,178.96,168.75,177.9,1004137.906949
2025-05-11,177.9,180.3,169.33,173.21,1022356.00205
2025-05-12,173.23,181.43,168.28,174.23,1596712.239702
2025-05-13,174.24,184.9,166.14,183.74,1231268.659476
2025-05-14,183.75,184.88,173.26,176.64,805257.06026
2025-05-15,176.64,178.32,166.69,169.18,909560.796468
2025-05-16,169.16,174.22,166.4,167.45,696101.250727
2025-05-17,167.43,169.99,164.01,165.96,595676.126657
2025-05-18,165.96,176.79,164.53,173.31,806566.543799
2025-05-19,173.33,173.93,159.45,166.84,1118072.2641
2025-05-20,166.85,173.09,164.54,168.59,1202165.454157
2025-05-21,168.6,175.98,165.51,173.56,1232371.478859
2025-05-22,173.59,180.83,172.57,179.67,1007997.601481
2025-05-23,179.68,187.68,173.28,174.01,1825127.213408
2025-05-24,174.01,178.31,172.59,175.9,544854.717024
2025-05-25,175.91,176.9,169.15,175.74,677398.243525
2025-05-26,175.74,179.0,173.46,174.92,526314.84068
2025-05-27,174.91,179.4,171.22,176.71,965887.946966
2025-05-28,176.72,177.44,168.89,172.23,756516.443039
2025-05-29,172.24,175.32,166.0,166.71,851776.873741
2025-05-30,166.71,167.49,155.21,156.19,1261280.735859
2025-05-31,156.19,158.0,152.14,156.44,722271.4151
2025-06-01,156.45,157.93,150.5,157.69,570875.564312
2025-06-02,157.68,158.96,151.66,156.81,678631.14152
2025-06-03,156.82,163.63,154.15,155.21,805912.748121
2025-06-04,155.2,157.96,153.0,153.26,588081.995436
2025-06-05,153.26,154.62,141.48,144.3,1379589.679565
2025-06-06,144.31,152.4,144.11,147.84,704783.631758
2025-06-07,147.85,152.85,146.89,150.07,416450.601656
2025-06-08,150.08,155.3,147.87,152.44,467535.420962
2025-06-09,152.45,161.72,149.6,161.17,849725.818278
2025-06-10,161.17,165.68,156.33,165.12,1226839.467922
2025-06-11,165.12,168.33,159.22,161.0,1461635.607223
2025-06-12,160.99,161.31,152.05,152.31,859404.946124
2025-06-13,152.33,152.59,140.88,148.59,2135312.475536
2025-06-14,148.59,148.73,141.96,144.66,477172.873779
2025-06-15,144.66,153.58,144.24,152.96,810598.792177
2025-06-16,152.98,158.75,150.29,150.74,1081610.349484
2025-06-17,150.75,154.32,145.62,147.58,1089210.431691
2025-06-18,147.6,149.29,143.65,146.36,821004.165157
2025-06-19,146.36,147.9,142.93,147.04,491453.959974
2025-06-20,147.05,148.8,135.65,140.11,1184816.040491
2025-06-21,140.12,142.59,130.8,135.39,928733.531476
2025-06-22,135.41,137.59,126.0,131.72,1705132.516921
2025-06-23,131.71,146.93,130.69,144.5,1594890.87203
2025-06-24,144.52,146.78,142.29,145.93,858976.722769
2025-06-25,145.94,147.99,142.27,143.56,810958.066598
2025-06-26,143.56,148.0,138.66,139.07,803741.024694
2025-06-27,139.07,144.88,137.17,142.11,623954.541889
2025-06-28,142.12,152.72,141.15,150.72,641312.305964
2025-06-29,150.73,154.76,149.37,153.31,618625.606051
2025-06-30,153.31,159.97,149.43,154.83,1606029.909587
2025-07-01,154.83,155.65,144.8,146.87,971162.756077
2025-07-02,146.86,154.49,145.79,152.3,908235.797709
2025-07-03,152.3,156.35,149.79,152.33,821048.165718
2025-07-04,152.33,153.9,145.19,147.69,896542.557293
2025-07-05,147.69,148.69,145.88,147.57,380324.327266
2025-07-06,147.57,153.9,146.75,151.86,578103.397975
2025-07-07,151.87,153.63,147.7,148.91,753978.045616
2025-07-08,148.91,152.89,147.86,151.67,678687.185293
2025-07-09,151.68,157.99,150.55,157.07,1216930.418953
2025-07-10,157.07,165.41,155.61,164.34,1543642.458503
2025-07-11,164.37,168.21,159.52,162.94,1627959.4892
2025-07-12,162.92,163.9,157.77,160.7,894503.181433
2025-07-13,160.7,164.16,159.64,161.15,1008905.437616
2025-07-14,161.16,168.66,160.62,162.22,1426380.81474
2025-07-15,162.22,164.29,157.22,164.01,1325125.829306
2025-07-16,164.0,176.05,161.53,173.64,1983392.695479
2025-07-17,173.66,178.16,168.74,175.89,1650131.485353
2025-07-18,175.88,184.68,173.21,177.27,1799339.91745
2025-07-19,177.28,178.59,174.01,176.98,1154299.517856
2025-07-20,176.98,183.68,176.34,181.47,1381979.981068
2025-07-21,181.49,199.3,178.27,195.74,2563371.658993
2025-07-22,195.75,206.38,193.73,205.71,3032281.210565
2025-07-23,205.73,205.79,184.01,189.38,1997212.295176
2025-07-24,189.41,191.86,179.14,182.86,1714536.511602
2025-07-25,182.87,186.84,175.63,186.74,1316462.937347
2025-07-26,186.74,189.77,184.24,184.88,478635.008515
2025-07-27,184.9,190.73,184.54,188.65,585620.967185
2025-07-28,188.66,195.29,182.18,183.13,1169162.809124
2025-07-29,183.14,186.6,178.27,181.48,950099.227479
2025-07-30,181.48,182.55,170.19,177.75,1005915.362662
2025-07-31,177.75,182.69,171.44,172.25,881217.768368
2025-08-01,172.23,172.28,159.15,162.69,1622925.133209
2025-08-02,162.7,165.25,155.81,158.48,816699.598034
2025-08-03,158.49,163.15,156.28,161.95,690331.839648
2025-08-04,161.96,169.8,161.28,169.56,1032672.188044
2025-08-05,169.57,171.73,161.3,164.07,1127529.242827
2025-08-06,164.08,169.94,161.14,168.11,736521.171805
2025-08-07,168.11,175.52,166.7,175.38,932610.287382
2025-08-08,175.38,179.68,173.38,176.79,1276746.196537
2025-08-09,176.8,183.44,176.63,179.93,894612.829178
2025-08-10,179.92,186.16,177.51,182.67,1124715.691527
2025-08-11,182.69,186.8,173.44,174.83,1829526.754757
2025-08-12,174.83,193.8,173.63,191.77,1621857.4653
2025-08-13,191.75,204.95,191.46,201.52,2148457.466304
2025-08-14,201.54,209.95,186.72,192.46,3367762.35316
2025-08-15,192.47,198.05,183.32,185.74,1378776.619158
2025-08-16,185.73,190.05,185.2,189.61,662581.668025
2025-08-17,189.62,195.83,187.34,191.03,664042.534214
2025-08-18,191.03,191.34,180.0,182.93,1231492.196403
2025-08-19,182.93,185.86,175.71,176.21,1152615.159108
2025-08-20,176.22,188.0,176.02,187.95,1065745.402699
2025-08-21,187.96,190.11,179.41,180.32,1062750.194669
2025-08-22,180.33,202.4,177.26,200.65,1800799.670207
2025-08-23,200.68,208.7,195.29,204.17,997861.183993
2025-08-24,204.16,211.99,201.08,205.98,1895327.659372
2025-08-25,205.98,213.55,185.34,187.2,2162320.0589
2025-08-26,187.22,198.1,185.57,195.86,1189752.626493
2025-08-27,195.86,212.16,193.77,202.97,1983096.297749
2025-08-28,202.98,216.9,201.7,214.44,1989125.592652
2025-08-29,214.43,217.99,199.85,205.11,2569101.276469
2025-08-30,205.12,207.03,197.55,202.72,829407.237361
2025-08-31,202.73,206.67,200.33,200.67,655588.797717
2025-09-01,200.66,204.57,194.21,197.31,995490.188125
2025-09-02,197.31,209.69,196.77,209.64,1149247.061466
2025-09-03,209.65,213.0,207.39,210.72,864408.739023
2025-09-04,210.74,211.94,201.82,202.34,661878.920889
2025-09-05,202.34,209.99,200.96,203.4,1008636.993998
2025-09-06,203.4,204.68,199.33,200.18,317870.851205
2025-09-07,200.19,207.95,200.11,206.32,436561.842147
2025-09-08,206.32,217.11,205.6,214.13,1105914.269818
2025-09-09,214.15,219.79,210.88,217.23,1078044.63491
2025-09-10,217.23,225.95,215.12,224.05,1168100.944077
2025-09-11,224.06,228.98,221.71,228.73,1415158.393289
2025-09-12,228.73,244.26,228.11,242.19,1455787.88063
2025-09-13,242.22,244.15,235.75,242.38,813604.300969
2025-09-14,242.39,249.61,239.25,239.76,1052956.206116
2025-09-15,239.77,244.07,230.14,234.35,1158651.025053
2025-09-16,234.34,240.95,231.3,236.98,951816.777361
2025-09-17,236.99,246.62,232.0,244.83,1415071.064086
2025-09-18,244.84,253.52,242.6,247.51,1144220.130738
2025-09-19,247.5,248.55,235.07,238.56,975967.33764
2025-09-20,238.56,241.2,236.89,239.5,367808.111835
2025-09-21,239.49,241.83,235.36,236.2,325100.358569
2025-09-22,236.2,236.99,213.36,220.38,2019921.075504
2025-09-23,220.39,221.79,212.32,213.3,876674.315086
2025-09-24,213.31,216.43,204.86,211.61,902760.153687
2025-09-25,211.61,212.44,191.32,192.75,1650145.894977
2025-09-26,192.75,205.47,190.84,205.14,1491741.149349
2025-09-27,205.14,205.43,199.85,203.46,487090.216293
2025-09-28,203.47,210.97,198.0,210.82,464224.950165
2025-09-29,210.82,214.74,204.61,212.73,956362.606282
2025-09-30,212.73,213.69,204.25,208.7,732078.459909
2025-10-01,208.7,222.79,206.33,222.05,855579.967776
2025-10-02,222.05,235.0,219.55,234.74,963985.365976
2025-10-03,234.74,236.99,227.1,232.86,1069353.631809
2025-10-04,232.84,234.06,224.16,227.85,451272.426183
2025-10-05,227.86,237.23,226.5,228.58,782734.399267
2025-10-06,228.6,237.82,227.57,232.37,781070.043532
2025-10-07,232.39,235.2,219.49,219.93,1034864.885369
2025-10-08,219.94,229.8,217.32,229.05,827784.374923
2025-10-09,229.05,229.7,216.5,220.94,789501.716577
2025-10-10,220.94,224.42,144.82,187.79,3505518.454508
2025-10-11,187.77,190.66,172.57,177.62,2497900.755764
2025-10-12,177.64,199.0,173.01,197.02,2251946.543831
2025-10-13,197.03,209.31,190.0,208.7,2042262.594605
2025-10-14,208.71,211.3,191.07,202.47,2944336.043717
2025-10-15,202.47,208.91,192.05,193.85,1525698.525407
2025-10-16,193.85,198.41,182.02,184.85,1970332.583768
2025-10-17,184.85,187.53,174.07,181.97,1777106.28159
2025-10-18,181.97,188.27,181.77,187.57,625362.285796
2025-10-19,187.56,192.29,183.18,187.86,846632.476168
2025-10-20,187.88,194.5,183.83,189.72,959061.989043
2025-10-21,189.71,197.74,182.74,185.66,1586929.006743
2025-10-22,185.66,187.47,176.97,180.1,1485804.840783
2025-10-23,180.11,193.45,179.68,191.34,1125218.874967
2025-10-24,191.35,196.88,188.8,193.58,960621.43126
2025-10-25,193.58,195.24,191.2,193.83,420468.281929
2025-10-26,193.83,202.5,191.94,200.07,777547.004163
2025-10-27,200.07,205.32,197.34,198.69,1011507.730349
2025-10-28,198.7,203.98,190.21,194.15,1375122.283217
2025-10-29,194.16,201.75,189.06,193.89,1567091.432887
2025-10-30,193.9,198.22,178.62,184.66,1574317.151495
2025-10-31,184.67,190.29,183.66,187.2,880027.646869
2025-11-01,187.21,187.55,183.74,186.38,358111.882665
2025-11-02,186.39,188.33,182.02,187.75,498171.294473
2025-11-03,187.75,189.08,163.22,166.07,2081597.802507
2025-11-04,166.07,168.39,145.81,155.03,2466805.489096
2025-11-05,155.03,163.96,147.27,162.37,1384509.634635
2025-11-06,162.37,162.94,153.45,155.28,1021861.344132
2025-11-07,155.28,164.46,149.82,161.81,1241304.607109
2025-11-08,161.81,164.9,155.83,158.0,735871.891632
2025-11-09,158.02,166.59,155.07,164.56,747064.029137
2025-11-10,164.54,170.5,163.35,167.32,849788.937135
2025-11-11,167.33,171.94,153.9,154.6,1165933.945908
2025-11-12,154.61,161.11,151.2,153.42,1218766.19598
2025-11-13,153.42,157.24,141.04,144.73,1588347.907678
2025-11-14,144.74,145.67,135.77,138.92,1930576.954732
2025-11-15,138.92,144.66,138.62,139.6,554911.889583
2025-11-16,139.62,143.35,134.42,137.19,996964.413835
2025-11-17,137.19,143.32,128.81,131.0,1655271.951589
2025-11-18,131.0,142.14,129.01,140.7,1824159.898654
2025-11-19,140.7,142.83,130.55,137.08,1241589.273201
2025-11-20,137.07,144.8,131.15,133.65,1938186.642697
2025-11-21,133.66,135.08,121.35,128.68,2586802.771318
2025-11-22,128.68,129.92,125.12,127.59,609734.170348
2025-11-23,127.59,133.54,127.57,130.58,739874.606352
2025-11-24,130.58,139.84,128.44,138.42,1196289.199532
2025-11-25,138.42,140.53,133.12,138.96,860173.159193
2025-11-26,138.97,144.76,135.53,143.03,977658.836257
2025-11-27,143.01,144.24,140.47,140.85,560011.943032
2025-11-28,140.85,143.64,136.0,137.34,806416.369667
2025-11-29,137.33,138.04,134.8,135.93,374399.90144
2025-11-30,135.94,140.17,133.27,133.46,535857.571375
2025-12-01,133.46,133.74,123.14,126.63,1253619.121675
2025-12-02,126.65,140.9,126.0,138.69,1326588.743903
2025-12-03,138.69,146.11,137.77,144.66,1056638.831234
2025-12-04,144.66,146.91,137.77,139.01,764406.375667
2025-12-05,139.02,140.72,130.72,133.3,901948.577992
2025-12-06,133.29,134.12,131.31,132.21,341845.422987
2025-12-07,132.21,136.38,127.7,132.27,667709.902774
2025-12-08,132.27,139.35,131.52,133.26,927730.287887
2025-12-09,133.26,144.95,131.61,137.89,1183543.893286
2025-12-10,137.88,142.64,135.29,136.25,1342425.352227
2025-12-11,136.25,137.8,129.01,136.44,1312724.258866
2025-12-12,136.44,140.15,130.32,132.26,1197701.594774
2025-12-13,132.27,134.27,131.61,133.14,369016.045709
2025-12-14,133.14,133.66,127.91,129.4,533533.293806
2025-12-15,129.39,135.5,123.62,127.84,1221549.582352
2025-12-16,127.83,130.16,124.88,129.17,764092.034957
2025-12-17,129.18,134.0,121.39,123.26,1315556.381085
2025-12-18,123.27,129.03,116.85,119.6,1688018.155461
2025-12-19,119.62,127.89,117.62,126.27,1207026.103941
2025-12-20,126.29,126.9,125.31,125.82,242213.760879
2025-12-21,125.82,126.63,123.42,126.03,382991.569509
2025-12-22,126.03,128.78,124.21,125.92,850191.336551
2025-12-23,125.94,126.91,122.15,124.01,696319.408815
2025-12-24,124.01,124.3,120.63,122.53,479171.547945
2025-12-25,122.54,124.44,119.76,120.07,472134.796869
2025-12-26,120.06,125.12,119.24,122.27,790803.635415
2025-12-27,122.28,125.09,121.89,124.72,273264.059741
2025-12-28,124.73,125.64,123.09,125.27,259863.97975
2025-12-29,125.27,130.16,122.3,123.27,1248967.583204
2025-12-30,123.27,126.64,122.6,125.01,581170.663878
2025-12-31,125.02,127.46,123.5,124.66,731522.573056
2026-01-01,124.67,127.25,124.16,126.87,388083.012211
2026-01-02,126.88,133.27,125.87,132.29,803060.412063
2026-01-03,132.28,133.97,129.64,133.35,456654.792222
2026-01-04,133.36,135.55,133.1,134.1,517539.29264
2026-01-05,134.11,139.88,133.17,137.9,942521.335793
2026-01-06,137.91,143.47,136.22,141.08,1140066.134101
2026-01-07,141.09,141.39,134.41,136.39,834635.526291
2026-01-08,136.39,140.04,132.69,138.37,985975.023995
2026-01-09,138.37,141.18,134.97,135.98,880660.52195
2026-01-10,135.98,137.04,135.4,135.86,234662.668986
2026-01-11,135.87,141.59,135.76,139.69,553765.5074
2026-01-12,139.69,144.38,138.34,139.23,1006738.769309
2026-01-13,139.23,148.71,137.86,145.53,1205110.663072
2026-01-14,145.53,148.42,143.39,146.7,866340.096142
2026-01-15,146.69,146.72,140.79,142.42,686841.767204
2026-01-16,142.42,145.59,140.27,144.92,517945.489815
2026-01-17,144.92,145.0,143.33,143.7,327474.045435
2026-01-18,143.73,143.99,137.77,137.88,483837.092609
2026-01-19,137.87,137.87,130.0,133.46,1058752.804134
2026-01-20,133.46,134.63,124.67,125.8,936186.647459
2026-01-21,125.81,132.15,125.26,129.53,795168.583633
2026-01-22,129.55,130.95,126.75,128.48,515413.770003
2026-01-23,128.49,130.2,125.29,127.44,603327.25192
2026-01-24,127.44,128.12,126.66,127.2,216657.399399
2026-01-25,127.21,127.46,117.16,118.86,1146267.271531
2026-01-26,118.86,125.6,118.56,124.24,903859.215258
2026-01-27,124.24,127.84,123.14,127.18,633116.819592
2026-01-28,127.18,128.33,124.8,125.36,617645.162965
2026-01-29,125.36,125.5,115.38,117.81,1322888.566182
2026-01-30,117.82,119.12,111.9,117.6,1724318.12051
2026-01-31,117.61,118.85,96.42,105.55,3046958.631712
2026-02-01,105.55,106.68,98.02,100.78,1378750.497932
2026-02-02,100.78,106.12,95.94,104.54,1803949.662844
2026-02-03,104.55,105.1,96.66,97.87,1553165.879383
2026-02-04,97.87,99.67,89.32,92.13,2693143.713172
2026-02-05,92.12,93.43,77.56,78.36,4218892.763277
2026-02-06,78.35,89.83,67.44,87.46,6098068.049358
2026-02-07,87.45,89.2,84.08,87.57,2147318.500008
2026-02-08,87.58,89.1,85.78,86.98,870541.615335
2026-02-09,86.98,88.69,82.88,86.76,1180202.675426
2026-02-10,86.77,87.49,81.88,82.99,892245.388638
2026-02-11,82.99,84.39,78.02,79.29,1565919.977978
2026-02-12,79.3,82.24,76.58,78.41,1096877.50689
2026-02-13,78.41,85.62,77.53,84.33,1114534.178906
2026-02-14,84.34,88.9,84.22,88.05,811338.954041
2026-02-15,88.06,91.25,84.9,86.15,1107928.944706
2026-02-16,86.15,86.93,82.58,86.44,969129.376918
2026-02-17,86.45,87.68,82.92,85.08,905152.895032
2026-02-18,85.09,86.08,80.49,81.62,1018178.08968
2026-02-19,81.62,82.67,79.61,82.5,733366.765902
2026-02-20,82.51,85.49,81.76,84.67,832925.52739
2026-02-21,84.68,86.74,83.97,85.17,414801.365948
2026-02-22,85.17,85.59,82.47,82.79,487517.535276
2026-02-23,82.8,82.85,77.14,77.91,1779978.705282
2026-02-24,77.91,79.61,75.64,78.98,1044990.601781
2026-02-25,78.99,92.15,78.74,88.04,2116142.348969
2026-02-26,88.04,89.26,84.32,85.89,1216287.518163
2026-02-27,85.9,88.29,80.32,81.85,1053549.079812
2026-02-28,81.85,85.66,77.12,84.37,1513819.352484
2026-03-01,84.36,88.91,81.69,83.61,1392593.186228
2026-03-02,83.61,90.3,82.38,86.64,1416941.714679
2026-03-03,86.64,87.46,82.5,86.97,1218760.841157
2026-03-04,86.97,94.07,84.77,90.86,1855086.93245
2026-03-05,90.87,92.95,87.92,88.77,1089130.805413
2026-03-06,88.78,89.31,83.65,84.69,882910.37436
2026-03-07,84.69,85.07,82.29,83.2,407853.113035
2026-03-08,83.22,84.11,80.24,81.59,632274.325206
2026-03-09,81.6,87.08,81.54,84.95,1199060.631129
2026-03-10,84.94,88.8,84.83,85.87,1093313.036293
2026-03-11,85.87,88.1,84.34,86.57,993424.054655
2026-03-12,86.58,87.71,84.68,86.84,766671.235959
2026-03-13,86.83,92.98,86.72,88.18,1504392.674633
2026-03-14,88.17,88.71,86.51,88.04,406127.09097
2026-03-15,88.04,93.24,87.37,92.3,733788.426087
2026-03-16,92.31,97.67,91.18,96.21,1427482.199447
2026-03-17,96.2,96.97,93.16,94.61,872907.88648
2026-03-18,94.61,95.65,88.53,90.09,974037.289118
2026-03-19,90.05,91.4,87.0,88.89,741056.466447
2026-03-20,88.91,90.46,88.15,89.86,451365.704584
2026-03-21,89.86,90.81,87.14,87.56,327828.9208
2026-03-22,87.56,89.19,85.11,86.21,524673.099154
2026-03-23,86.22,92.28,85.1,91.44,1266547.049414
2026-03-24,91.44,92.23,88.4,90.79,789117.299389
2026-03-25,90.8,93.48,90.7,91.71,711259.662004
2026-03-26,91.71,91.98,85.43,86.53,801059.552048
2026-03-27,86.53,87.04,81.85,83.1,837203.597102
2026-03-28,83.1,84.29,81.69,82.08,470823.752395
2026-03-29,82.09,83.24,78.88,81.42,559632.859782
2026-03-30,81.43,85.0,81.16,82.55,789830.240765
2026-03-31,82.56,84.62,80.11,83.19,863852.499274
2026-04-01,83.2,86.62,80.79,81.2,1029622.59985
2026-04-02,81.2,81.77,76.7,78.95,1206433.367357
2026-04-03,78.96,80.91,78.87,80.4,624708.173065
2026-04-04,80.39,81.61,79.55,80.85,346760.611033
2026-04-05,80.84,82.12,78.51,81.89,535030.264573
2026-04-06,81.89,83.2,79.6,80.02,797356.994305
2026-04-07,80.01,87.03,78.38,85.54,1495344.232128
2026-04-08,85.54,85.89,82.25,82.57,1021737.812047
2026-04-09,82.57,85.96,81.42,83.34,934447.089511
2026-04-10,83.36,85.69,82.66,84.82,671636.069909
2026-04-11,84.82,86.26,83.6,84.93,519864.383364
2026-04-12,84.94,85.1,81.3,81.54,811264.133254
2026-04-13,81.53,86.8,81.4,86.51,1122125.821626
2026-04-14,86.5,87.65,83.29,83.71,1388221.801405
2026-04-15,83.7,85.82,82.65,84.9,799921.749632
2026-04-16,84.9,90.5,83.81,89.05,1244297.307206
2026-04-17,89.06,90.74,87.36,88.77,1078417.603501
2026-04-18,88.77,89.15,85.79,86.15,557259.400556
2026-04-19,86.15,87.13,82.93,83.48,703941.362148
2026-04-20,83.49,86.23,83.34,85.29,726383.26626
2026-04-21,85.3,86.89,84.31,86.04,739204.267147
2026-04-22,86.05,89.31,86.02,86.87,891121.241587
2026-04-23,86.87,87.15,84.49,86.13,796409.964991
2026-04-24,86.14,86.94,84.95,86.18,523075.445164
2026-04-25,86.17,86.81,85.53,86.16,300856.061885
2026-04-26,86.17,87.33,85.84,86.93,420354.791427
2026-04-27,86.93,88.1,83.63,84.82,757127.271607
2026-04-28,84.83,84.94,82.99,84.07,506809.723255
2026-04-29,84.07,85.58,81.41,83.05,812548.890605
2026-04-30,83.06,84.02,82.17,83.09,447084.526813
2026-05-01,83.09,84.86,83.08,83.75,520225.699754
2026-05-02,83.76,84.98,83.43,84.28,415363.406892
2026-05-03,84.28,84.96,83.58,83.92,319697.782181
2026-05-04,83.92,85.9,83.26,84.09,979726.1084
2026-05-05,84.1,86.98,84.03,86.31,790943.960668
2026-05-06,86.29,90.08,86.1,89.16,1084929.732507
2026-05-07,89.16,90.42,87.64,88.43,1186411.705002
2026-05-08,88.44,92.8,87.59,92.02,1085832.021259
2026-05-09,92.02,94.17,91.85,93.13,630318.107895
2026-05-10,93.13,96.89,92.61,96.45,843884.447485
2026-05-11,96.46,98.38,94.31,97.36,849437.151654
2026-05-12,97.37,97.66,93.61,94.29,602546.612122
2026-05-13,94.29,95.99,90.29,91.17,870518.217813
2026-05-14,91.16,93.67,89.81,92.17,686224.982817
2026-05-15,92.17,92.66,88.55,89.25,735437.355272
2026-05-16,89.25,89.44,85.52,86.55,525759.201611
2026-05-17,86.55,87.28,83.38,85.23,543133.11043
2026-05-18,85.23,85.79,83.5,85.39,684582.666731
2026-05-19,85.39,85.97,83.7,84.3,380393.045983
2026-05-20,84.29,87.09,83.85,86.16,520514.739145
2026-05-21,86.17,88.02,85.34,87.35,712844.785634
2026-05-22,87.36,87.86,84.0,84.4,583226.704065
2026-05-23,84.41,87.5,81.38,85.76,855779.362415
2026-05-24,85.77,87.04,83.68,85.27,519768.586098
2026-05-25,85.28,86.53,84.72,85.06,372973.392384
2026-05-26,85.06,86.15,83.15,83.72,627258.091877
2026-05-27,83.72,84.83,82.12,82.44,488515.028255
2026-05-28,82.43,83.0,80.02,82.12,713049.156727
2026-05-29,82.12,83.24,80.37,82.05,476330.086863
2026-05-30,82.05,83.19,81.87,82.73,259242.742738
2026-05-31,82.74,83.4,81.34,82.46,285909.524517
2026-06-01,82.45,83.11,79.12,81.27,660812.180989
2026-06-02,81.28,81.3,72.72,74.21,1002200.376058
2026-06-03,74.23,75.7,70.88,71.62,988319.59916
2026-06-04,71.61,72.11,66.67,68.88,1368581.081124
2026-06-05,68.87,69.1,61.46,63.63,2251229.152513
2026-06-06,63.64,64.86,60.11,62.21,1042518.814216
2026-06-07,62.21,67.92,61.97,66.5,995477.732081
2026-06-08,66.49,68.16,64.98,66.83,1017374.861235
2026-06-09,66.82,67.47,63.55,64.98,1048121.757809
2026-06-10,64.97,65.77,62.35,63.19,940565.552046
2026-06-11,63.2,67.39,63.2,66.91,958530.911527
2026-06-12,66.92,68.82,65.94,66.82,824451.194801
2026-06-13,66.83,69.56,66.55,68.94,512538.273979
2026-06-14,68.93,71.28,66.95,71.28,523071.294199
2026-06-15,71.28,76.09,70.67,73.98,1031865.867326
2026-06-16,73.97,75.64,72.32,73.53,669033.997289
2026-06-17,73.55,74.69,70.83,72.04,893998.229853
2026-06-18,72.04,72.67,68.24,69.72,791313.140551
2026-06-19,69.72,70.08,67.92,69.74,581988.849855
2026-06-20,69.73,74.3,69.48,73.21,747534.618889
2026-06-21,73.22,74.69,72.3,72.45,677905.30597
2026-06-22,72.46,75.0,71.36,71.96,840410.935255
2026-06-23,71.96,72.05,68.14,69.7,778139.088568
2026-06-24,69.7,70.45,64.71,68.11,1163921.545537
2026-06-25,68.12,69.66,64.05,67.7,1271755.126235
2026-06-26,67.72,73.93,65.93,71.9,1618576.325637
2026-06-27,71.91,73.19,70.26,70.51,707609.132629
2026-06-28,70.51,72.41,69.73,71.38,581555.61021
2026-06-29,71.4,76.48,70.35,75.19,1682319.762854
2026-06-30,75.16,75.23,71.91,73.67,806069.326204
2026-07-01,73.68,78.96,72.26,77.45,1281253.910968
2026-07-02,77.46,82.78,76.9,80.73,1395969.171246
2026-07-03,80.73,83.23,80.33,82.36,626046.403999
2026-07-04,82.35,83.98,81.35,81.8,650745.745274
2026-07-05,81.8,82.43,79.67,81.59,669017.053293
2026-07-06,81.59,83.79,79.25,81.94,1001007.334048
2026-07-07,81.94,82.79,80.33,80.56,653054.785996
2026-07-08,80.55,80.77,76.28,77.83,804885.044995
2026-07-09,77.83,78.83,76.72,78.04,574614.734227
2026-07-10,78.04,79.67,77.08,78.13,680995.843513
2026-07-11,78.13,78.89,76.78,76.78,357327.640747
2026-07-12,76.78,77.78,75.64,76.91,427586.926086
2026-07-13,76.91,78.22,74.1,75.0,611502.391275
2026-07-14,75.01,77.99,74.56,77.87,673667.334617
2026-07-15,77.88,79.03,76.94,77.28,703870.413369
2026-07-16,77.28,77.63,75.02,75.32,526805.89669
2026-07-17,75.33,75.75,73.37,75.03,460805.286324
2026-07-18,75.04,75.64,74.51,75.52,167895.153084
2026-07-19,75.52,76.69,75.35,76.38,310854.375032
2026-07-20,76.38,78.38,75.5,77.85,778695.026053
2026-07-21,77.85,78.88,77.41,78.13,509926.108836
2026-07-22,78.14,78.86,77.0,77.98,487562.25808
2026-07-23,77.98,78.54,75.43,75.89,502305.911401
2026-07-24,75.89,76.44,73.45,73.96,503488.105138
2026-07-25,73.97,74.73,73.55,74.53,224867.891388
2026-07-26,74.53,77.1,74.47,76.77,298823.516229
2026-07-27,76.78,77.52,73.75,74.22,653806.621871
2026-07-28,74.22,74.57,72.34,73.82,583420.476496
2026-07-29,73.82,74.53,72.33,73.68,628246.165582
2026-07-30,73.69,75.0,73.15,74.52,426773.805647
2026-07-31,74.52,75.3,72.56,72.87,459251.746345
2026-08-01,72.88,73.22,70.58,71.94,326699.737346
2026-08-02,71.95,74.35,71.93,73.64,337058.098466
2026-08-03,73.64,74.3,72.0,73.57,380146.625621
2026-08-04,73.57,74.47,73.05,73.76,409350.510361
2026-08-05,73.75,74.83,73.27,74.04,401196.380048
2026-08-06,74.05,74.35,72.35,72.7,443524.919713
2026-08-07,72.7,74.37,72.44,73.68,428744.422444
2026-08-08,73.67,76.82,73.59,76.01,492372.164718
2026-08-09,76.02,77.86,75.75,76.28,431279.903995
2026-08-10,76.27,77.17,75.59,76.0,613292.800973
2026-08-11,76.01,76.68,74.63,76.29,479919.379294
2026-08-12,76.3,77.35,75.34,75.63,474322.808307
2026-08-13,75.63,76.63,75.08,76.26,431387.584821
2026-08-14,76.27,76.33,74.68,75.41,286548.391677
2026-08-15,75.41,75.74,75.04,75.35,209828.879531
2026-08-16,75.35,75.71,74.02,74.61,220328.61761
2026-08-17,74.61,76.23,74.43,76.01,398001.335143
2026-08-18,76.02,77.42,75.23,77.05,429714.176054
2026-08-19,77.06,87.33,76.63,85.4,2018590.160588
2026-08-20,85.4,88.12,84.02,87.65,1178770.33667
2026-08-21,87.66,95.0,87.58,93.73,1760189.552646
2026-08-22,93.74,102.74,87.66,93.83,2341481.019121
2026-08-23,93.83,97.23,91.58,95.44,1341506.214416
2026-08-24,95.45,98.98,93.26,98.97,1638413.778866
2026-08-25,98.97,103.16,95.27,96.6,1937454.780405
2026-08-26,96.61,102.46,94.96,102.08,1142000.661327
2026-08-27,102.09,110.64,100.5,109.14,2243264.115654
2026-08-28,109.15,110.09,102.28,104.15,1874973.928194
2026-08-29,104.16,105.88,103.03,105.61,701565.461019
2026-08-30,105.61,107.48,100.32,101.77,977918.40729
2026-08-31,101.77,105.0,100.91,103.07,925497.951681
2026-09-01,103.06,104.39,98.35,100.0,893635.55291
2026-09-02,100.0,100.71,97.39,100.44,843748.681889
2026-09-03,100.45,105.93,99.22,103.94,1286586.135741
2026-09-04,103.94,104.79,100.19,101.91,956508.908147
2026-09-05,101.91,102.18,101.58,101.98,115666.171292
